,gdp,gdp_trend,consumption,consumption_trend,investment,investment_trend,hours,hours_trend,capital,capital_trend,tfp,tfp_trend,real_m2,real_m2_trend,t_bill_3mo,t_bill_3mo_trend,pce_inflation,pce_inflation_trend,unemployment,unemployment_trend
1959-01-01,27.2141861508896,26.939952509505325,16.501876609657746,16.445165280843995,4.434963661601091,4.3326924406849905,109.07875882910822,108.946923690782,28.676269464533775,28.530846229088567,14.134992288258628,14.028500138246457,1.53491856519593e-05,1.5033740243675017e-05,0.027733333333333336,0.02963178856582018,0.06747778452367825,0.057220209285328165,0.05833333333333333,0.057792365313356464
1959-04-01,27.726130203044374,27.101860274535802,16.73717114359148,16.531610043196057,4.741557483987099,4.352023305302184,110.74332130061552,108.7836328748269,28.6985988408994,28.565785247122182,14.255940923234489,14.12052700872334,1.549733156922349e-05,1.5175073460904926e-05,0.03,0.029432223163198712,0.0774744808226242,0.05632279495900813,0.051000000000000004,0.0579288252398361
1959-07-01,27.646825052366456,27.264913683120355,16.888483345688527,16.61854496300175,4.402458612829168,4.371504159306138,110.02757298082014,108.6206689014138,28.800082718379155,28.60085793264768,14.257577322835298,14.21322475406787,1.5591799574895545e-05,1.5317934161913015e-05,0.03540000000000001,0.029231471226056932,0.07664496983816349,0.05543179161721206,0.05266666666666667,0.05806562327132822
1959-10-01,27.63876650031877,27.42968573092299,16.880353111040318,16.706137968713538,4.524057193858457,4.391435550957713,109.69774060650224,108.45932329054793,28.82466154872895,28.636238686220462,14.277000095634996,14.306751619463236,1.553613094865945e-05,1.5462744209019655e-05,0.0423,0.029028701080397536,0.06964015333490159,0.05456683004812867,0.05600000000000001,0.058198766997070404
1960-01-01,28.06733403959037,27.597003086310202,16.880496024120372,16.79472961977018,4.990019531636568,4.412143015411973,109.63936040243053,108.30175102108575,28.774413389732334,28.672227168726515,14.51225665021463,14.401297970133099,1.5446185228772615e-05,1.5610113894723843e-05,0.03873333333333333,0.028826936382706926,0.05466167284431345,0.05376079927633477,0.051333333333333335,0.0583208896584223
1960-04-01,27.83866158251342,27.76784429443776,17.09216028499227,16.884777142750053,4.4811045856261345,4.434040871179436,109.50941104917584,108.15086221101026,28.956763496777324,28.709242246943063,14.373306342201367,14.497040230865046,1.5491648189722018e-05,1.576072293193082e-05,0.029933333333333336,0.02863749535129624,0.052940523921966465,0.053056009153461384,0.052333333333333336,0.05842325026737037
1960-07-01,27.884537182542648,27.94350734308403,16.97417870156589,16.97680161852689,4.414525311794791,4.457895111910414,108.54249453607112,108.01038024908947,28.994544467483973,28.747768943830312,14.473619305647905,14.594229395355107,1.5662790525503053e-05,1.5915171737080004e-05,0.0236,0.028477887702570773,0.03554758749707676,0.052495332577119504,0.05533333333333334,0.05849274061319791
1960-10-01,27.430692962384345,28.125368367388752,16.961422936572152,17.071465842524933,3.8573293252306136,4.4845194238227295,107.15492516805301,107.8848531445467,29.00501702832862,28.78844952024038,14.35580568422943,14.693044348118827,1.578890071295726e-05,1.6073910753167998e-05,0.023066666666666666,0.028366433051674567,0.03463613780115349,0.052121570266650444,0.06266666666666666,0.05851244628710442
1961-01-01,27.515598915079785,28.31480322140339,16.888466342529032,17.169446084507072,3.956965846570431,4.514722850864584,106.16422400398542,107.77914372742224,28.872571337323105,28.83208426333558,14.510671487254776,14.793591956042638,1.5968617434359476e-05,1.6237245659146617e-05,0.0235,0.02831840233393757,0.024990501403341137,0.051966930600720496,0.068,0.05846347825073947
1961-04-01,27.89188839470731,28.512781452333297,17.042797568199457,17.271365043863977,4.22275594074655,4.548913957306894,105.57730413845225,107.69764791736057,28.782038092164086,28.879614294809546,14.778446517397676,14.895765692515,1.6173139856444353e-05,1.640531056423372e-05,0.023033333333333333,0.0283457541306991,0.021814646245725378,0.052052693562705005,0.07,0.05832954385348989
1961-07-01,28.34041700419269,28.719788940750686,17.090799546702435,17.377682135841926,4.5389978803837945,4.587143403654027,105.87144902501309,107.64374695931826,28.765520805854376,28.932013578236703,14.991979155529705,14.999274864190232,1.635364569535274e-05,1.6578071578224277e-05,0.023033333333333333,0.02845743552183977,0.030729301530142195,0.052383278867730976,0.06766666666666667,0.058100310770835786
1961-10-01,28.850034533819407,28.9359309989565,17.37092950676447,17.48872397582809,4.617649237808333,4.62925614566574,107.05501038230886,107.61949730290432,28.871194845939105,28.990203847114586,15.132246201325383,15.103745797672577,1.6563002793500315e-05,1.675534319237668e-05,0.024599999999999997,0.028659073324241856,0.04661042320312325,0.05294420745135234,0.062,0.0577727407133489
1962-01-01,29.31812570306354,29.16107705733655,17.512606623444963,17.604644114000173,4.840543658475915,4.67506736648153,107.27771313638334,107.62586016937121,28.992799609553348,29.05501237147027,15.334433777562435,15.208789533513782,1.6792567898411288e-05,1.6936786483421654e-05,0.02723333333333333,0.028952904290919814,0.060689943800071866,0.053707466513287005,0.056333333333333326,0.05734977436403582
1962-04-01,29.475814619816767,29.395040641176532,17.697193355769503,17.725527094603937,4.7479173181426,4.7243828904435965,108.15462613899425,107.66346871048162,29.10451106819806,29.127202802848462,15.314917744973101,15.314024167855697,1.7057728995443343e-05,1.7121922832253025e-05,0.02716666666666667,0.029338628254060455,0.06187270772267328,0.05464108463809776,0.05533333333333334,0.056836994442957325
1962-07-01,29.70184068338555,29.637730956704914,17.76827746832227,17.85140302746085,4.787197745717554,4.7771082600062895,107.43792376041057,107.73276564946612,29.163140672648296,29.207512080607007,15.48828003960324,15.419136492646171,1.72074463931066e-05,1.7310158538351174e-05,0.028399999999999998,0.02981487031400211,0.06426802051809366,0.055717454458651665,0.05566666666666667,0.05623934839453002
1962-10-01,29.63243263266465,29.889107161085402,17.9367493915413,17.98228648180303,4.596153495555786,4.83316293272579,106.16105830674978,107.83452926971401,29.198740153382285,29.296676808398836,15.565989591093123,15.523805428881637,1.741803179018751e-05,1.7500831061807782e-05,0.02813333333333334,0.03037889809509097,0.06014136438658668,0.05691348837224361,0.05533333333333334,0.055560843874976985
1963-01-01,29.80899995195438,30.149169020791106,17.94676602616386,18.11814101292397,4.78005989687549,4.89247139135529,106.28053290507091,107.96938455695665,29.20634646731334,29.39542148548674,15.645870446566116,15.627745237413258,1.7642301270856252e-05,1.7693181427937274e-05,0.029066666666666668,0.03102709492772701,0.05484721916904811,0.058211442879955666,0.057666666666666665,0.05480513061444143
1963-04-01,30.01373788403224,30.41775325148951,18.035017902142894,18.258901330591673,4.844599867744568,4.954800362399064,106.49352147599289,108.13693222360551,29.276314210911675,29.504426518097937,15.71967447289489,15.730689776840483,1.791683794340818e-05,1.788636329146264e-05,0.0294,0.03175444066433408,0.049811628539247144,0.05959559190537882,0.05733333333333334,0.05397571614897799
1963-07-01,30.54710479764223,30.694473507858703,18.267950211938555,18.404391740664312,4.958683341129639,5.019832492195435,106.34162030758085,108.33573226670299,29.365874659112876,29.62427183244018,15.996765302346919,15.832378143856145,1.8181333309874825e-05,1.807946054568086e-05,0.03293333333333333,0.032554689889672875,0.05780700622781909,0.061048106732284765,0.055,0.053077896474674
1963-10-01,30.619061204238786,30.978670324192922,18.263098647963773,18.554288499423176,5.018865016899387,5.087162085439016,106.72264533622126,108.56332193221391,29.477089754977346,29.75541219694031,15.976062713138429,15.932536707978205,1.8307626917012568e-05,1.827153774468139e-05,0.03496666666666667,0.03342012566308888,0.052428646207145935,0.06254504366734137,0.05566666666666666,0.052119066098356995
1964-01-01,31.132363687895012,31.26956489832181,18.57195048053479,18.708170528144258,5.13467271313351,5.15632128527207,108.31990629489687,108.81597726495929,29.59947857921968,29.898157083279354,16.064476218928053,16.03098963291402,1.8476777877398068e-05,1.8461686619815185e-05,0.0353,0.034343267696079885,0.06759056649647466,0.06406043332940123,0.05466666666666666,0.05110782084155789
1964-04-01,31.345984068768498,31.56611741910233,18.82290608370092,18.86541609434969,5.104505944403582,5.226771334300909,108.35501026499816,109.08879142945086,29.752370296570604,30.052656005276265,16.142165122887963,16.12758564943981,1.867498419732999e-05,1.8648987677992413e-05,0.03476666666666667,0.03531760228827094,0.07696088665029999,0.06556198358890435,0.05199999999999999,0.05005497377616283
1964-07-01,31.698189051634373,31.867159242063295,19.074034662117292,19.025295121107206,5.1590156092351815,5.297928781611039,108.5834007207245,109.37650772163022,29.882505662926036,30.218882447113945,16.276331901668296,16.22219254069385,1.8938666861093063e-05,1.883249892336085e-05,0.03496666666666667,0.03633721369697705,0.08050981592863415,0.0670196086495202,0.05,0.04897356225269865
1964-10-01,31.657380912759873,32.171334549305186,19.021468017499195,19.187024977402686,5.2201249168211135,5.369098110696724,109.16226573880219,109.67335776114086,30.018581416321346,30.39662851720558,16.17355714995988,16.31468584581109,1.9155227740996328e-05,1.901126478488376e-05,0.036833333333333336,0.03739584184474975,0.07419067860704698,0.0684103470293316,0.04966666666666666,0.04787783926308212
1965-01-01,32.28731152424151,32.477126255124496,19.329069675522568,19.349826627243342,5.692056137450467,5.439456209523982,110.3996597232383,109.97301283236472,30.171134436805776,30.585476553887418,16.345945912674093,16.404974159063812,1.935856258281123e-05,1.9184369658447588e-05,0.038900000000000004,0.0384863700622466,0.07540398567499462,0.0697196686259709,0.048999999999999995,0.046782699322822044
1965-04-01,32.56308109566769,32.78262880754197,19.472177629927693,19.512788423374634,5.665921080055454,5.5080417638548544,111.04412750375623,110.26875345963141,30.439332123459398,30.7847655699569,16.372512728432525,16.492876287771743,1.951192690048376e-05,1.935096660544604e-05,0.038733333333333335,0.03960133011230557,0.07141945742216627,0.07093665604430646,0.04666666666666666,0.04570415496455453
1965-07-01,33.17835881623984,33.08574432837568,19.739211359740708,19.674954802826306,5.810882991669638,5.57400757446371,110.9419072244022,110.5540557707241,30.713183955863297,30.993559423763852,16.639616873903122,16.578171704414153,1.9750841656576294e-05,1.951030208612343e-05,0.03866666666666667,0.0407335122764757,0.07055823179370924,0.0720539445873623,0.04366666666666667,0.04465960453383886
1965-10-01,33.82856692634292,33.38416002938674,20.149082076666,19.835313383753405,5.862016517997788,5.636573062450928,111.62280463570815,110.82281637958339,31.012284119084434,31.210680953040974,16.841146612805158,16.660561127966204,1.997803793179909e-05,1.9661713740560805e-05,0.04166666666666667,0.041875164338319185,0.09725600078284045,0.0730644713090236,0.04100000000000001,0.04366704794604817
1966-01-01,34.55998377146057,33.675544614401666,20.418748640097558,19.992861360898676,6.262833635165287,5.695081533356478,112.92910975769534,111.06912259000549,31.333505136988265,31.434744161828295,17.01417220186393,16.73978038103917,2.017831142092783e-05,1.980468586323068e-05,0.0461,0.04301724230289207,0.09407485496065959,0.07396023844267949,0.03866666666666667,0.04274386453038859
1966-04-01,34.58046348746466,33.95777619488797,20.41322200666208,20.146764843580378,6.164531946610749,5.74900356334565,113.71956985364523,111.28752226329031,31.739271948787138,31.664198141099128,16.87109471136393,16.81567620353979,2.0198903988797113e-05,1.9938903135864374e-05,0.04586666666666667,0.04415057186420564,0.08828055935984169,0.07474836792764025,0.03833333333333334,0.041905766711099954
1966-07-01,34.77369890457325,34.22923082927063,20.54637463879747,20.296436125822463,6.075102717225727,5.798149888992141,113.92746687161454,111.47369735848463,32.10389873724969,31.89738227968622,16.87762976860815,16.888266990084514,2.0065932104863764e-05,2.006429293966886e-05,0.05043333333333333,0.045267905439831876,0.08633166144763171,0.07544855333853995,0.03766666666666667,0.04116591866375735
1966-10-01,34.95517320210047,34.48864255270164,20.55693155593213,20.441443423281985,6.118294192732484,5.842596191099679,113.28613509952507,111.62483606293883,32.42840601796196,32.132633845890226,16.968243135814,16.95760911944985,2.0039855191855373e-05,2.0180960793283763e-05,0.0521,0.04636306800659434,0.06595959420188979,0.07608894586965781,0.037000000000000005,0.040535251793074725
1967-01-01,35.14796422326706,34.73507062933478,20.58144240017142,20.581506269076076,5.946096069143648,5.882607689145198,112.7799767387781,111.73966423718814,32.74094574670151,32.3683708117643,17.05421458917092,17.023755839638813,2.0212948851047442e-05,2.0289031360275513e-05,0.04513333333333333,0.04743311293375001,0.051434053125053225,0.07670449865784121,0.03833333333333334,0.04002251047126785
1967-04-01,35.03761538105913,34.967863966037164,20.777763234973225,20.716416066766566,5.674432735188722,5.918641130406426,111.66991891490471,111.81797024214838,32.98482138099053,32.603151139930624,17.065944845916675,17.086770415610477,2.0515367923650408e-05,2.038855716718375e-05,0.0366,0.04847867917305176,0.05949001344728089,0.07732383399514521,0.03833333333333334,0.03963422953818182
1967-07-01,35.196270167710914,35.186637776087466,20.775136305761357,20.845965498662107,5.810295318607807,5.951215465855208,111.48914812216182,111.86022578774748,33.112719196525106,32.83572643814937,17.138055052208045,17.146738545730123,2.0770376936193137e-05,2.0479557441971528e-05,0.043,0.04949896831400222,0.05456636608980969,0.07795978014516688,0.03799999999999999,0.03937588809795052
1967-10-01,35.30073933719955,35.391065837090835,20.755347631276052,20.96998771716075,5.913353125236716,5.980711962705386,111.4892960395671,111.86684599930202,33.28219806003921,33.065054922150686,17.158223224401613,17.203736194233926,2.0881541990331547e-05,2.056214456799844e-05,0.04753333333333333,0.050485757771620884,0.057521527976166276,0.07861401923366093,0.039,0.039252152194579816
1968-01-01,35.88028561507033,35.58084440789359,21.15984672587729,21.08827401338704,6.0085936303772,6.007435848927149,111.25046443552318,111.83804819246635,33.49238556629615,33.290243309318285,17.4258048696396,17.257836891752177,2.0924547493192995e-05,2.063662704471344e-05,0.050499999999999996,0.051426763105730966,0.0849252605109676,0.07927361250259742,0.03733333333333333,0.03926682794201432
1968-04-01,36.358070601235184,35.755629909432315,21.402660951071308,21.20048170249093,6.184939182541038,6.031660120180722,111.93887329316566,111.77384706052827,33.7352961103596,33.51051493345189,17.542759688455963,17.30908831670887,2.097666804243317e-05,2.0703528692135452e-05,0.0552,0.05230785461088173,0.09247246046343482,0.07991243838691041,0.035666666666666666,0.039423563859077
1968-07-01,36.48988998921317,35.91528383316319,21.726111009358537,21.306313277084783,5.974659420177923,6.053666890483236,112.26519769364613,111.67392326777335,33.989689517241366,33.72520496680148,17.526934574717846,17.35764555926038,2.1089486371034567e-05,2.0763569884879322e-05,0.05196666666666666,0.05311432335468139,0.10848473812307002,0.08050790760153928,0.035333333333333335,0.039724800030460444
1968-10-01,36.45960652384967,36.06006512249793,21.655770152023706,21.405599973619307,6.054818905172436,6.0738407781920145,112.42484191212966,111.53809569194446,34.158845289808426,33.93377893654445,17.46584708144656,17.40381291422194,2.1177051773336785e-05,2.0817658098800695e-05,0.05586666666666667,0.05383326799560633,0.1094608962101229,0.08104528087522117,0.034,0.04017062848011195
1969-01-01,36.865628825455175,36.19061810620683,21.785465001994602,21.498439907004922,6.397820701295298,6.092523754201709,112.96606222130382,111.36658656437427,34.35090935027095,34.135862064474004,17.570792262080985,17.44800507607527,2.1223637366758343e-05,2.0866919705920335e-05,0.06093333333333334,0.05445106990670289,0.09455208587778774,0.08152730445576914,0.034,0.04075839656529309
1969-04-01,36.826734305492124,36.30786661857692,21.837820582491172,21.585097225691342,6.303889294542135,6.110051529585836,113.54984758640292,111.1602020074823,34.63498522103617,34.33121916834138,17.443192361704032,17.49068081584833,2.105542310443639e-05,2.0912719842275728e-05,0.06196666666666666,0.054955381335186834,0.08785776362056241,0.0819744843505806,0.034333333333333334,0.0414815950004654
1969-07-01,36.91216287279523,36.41318451724363,21.812292991756806,21.66602684646726,6.363642027761393,6.126951870315196,113.60934505235309,110.92076513453642,34.877562832702154,34.51975204219594,17.43506162250682,17.532380866220024,2.080668626476842e-05,2.0956660197956248e-05,0.07023333333333333,0.05533790594291558,0.07507922320630533,0.0824154670554417,0.035666666666666666,0.04232949050223706
1969-10-01,36.555636634299695,36.50829965018526,21.852316017224453,21.74185466219483,6.041495322200713,6.1438787538282424,112.7193445347465,110.65158640767301,35.10636494117842,34.70155822357317,17.31548176199937,17.573621594231916,2.0619201608081284e-05,2.1000446258870198e-05,0.07353333333333334,0.055594729445078706,0.07932317292691704,0.08288257611568234,0.035666666666666666,0.04328688212367433
1970-01-01,36.31198207924098,36.595279946838644,21.820523591823946,21.813311899537023,5.8071882070847,6.161639455420211,111.68680278630343,110.35762372849355,35.233642468087744,34.87696864523593,17.28135860400891,17.614863080952315,2.0302285261960195e-05,2.1045703533718044e-05,0.0721,0.05573124719898481,0.07611519493019636,0.08340354992422669,0.04166666666666667,0.04433440465294623
1970-04-01,36.1701150921456,36.67624998337451,21.740869647188525,21.881212370610356,5.8100921261260785,6.180985867813878,109.62843495925915,110.04507689505593,35.292405585917884,35.04658094502992,17.413081593566858,17.656406461510564,2.005092596324867e-05,2.109383019533722e-05,0.06676666666666667,0.05576406618937266,0.07225526751646649,0.08400390224700593,0.04766666666666666,0.04544793024356114
1970-07-01,36.29703819210989,36.753178903731545,21.83993789642768,21.946387124268984,5.8120232231956805,6.202450470157187,108.45624647135388,109.72091030799726,35.3371216058753,35.21123339832389,17.58891633869032,17.6983442813978,2.0221855266401383e-05,2.1145762686642145e-05,0.06326666666666667,0.05572002387148164,0.07370043343531174,0.08470459162808003,0.051666666666666666,0.04660166371278601
1970-10-01,35.698269909672085,36.82773470889138,21.648385426011046,22.009590241647018,5.468294648319192,6.226333966574714,106.99714255176427,109.39175417626912,35.37528408720331,35.37193857789403,17.44514363445941,17.740616102452286,2.0375125882971274e-05,2.1201776320269075e-05,0.05353333333333334,0.05563283432584944,0.06377037187432522,0.08551923371480227,0.05833333333333333,0.047771196588152265
1971-01-01,36.463813175051925,36.901311842989244,21.817011419673427,22.071518380748312,6.087013835637096,6.252689887395032,106.90276330292612,109.06337161657949,35.33556804691176,35.52980968589804,17.83648715550158,17.783091975065926,2.059895549926321e-05,2.12615576182354e-05,0.0384,0.05554092828476072,0.07519728978842322,0.0864545665556555,0.059333333333333335,0.048935286024037426
1971-04-01,36.45262220331931,36.97459636399575,21.85462493385723,22.13264764569026,6.220997920694022,6.281065472391447,106.64295935171582,108.73995291244478,35.44718375645716,35.68598377894453,17.839534568840946,17.825453582664633,2.099737991769874e-05,2.1324261303923467e-05,0.0425,0.05548142429237976,0.08051342799694507,0.08750373516047216,0.05900000000000001,0.050079290510284744
1971-07-01,36.55047999674933,37.04800368492949,21.899065646486793,22.193298785917214,6.271099316180761,6.310895602154014,106.05489197638845,108.42428296772614,35.593465442950574,35.84149615942439,17.9259757733084,17.867413056161052,2.1286650290137042e-05,2.1388610035530072e-05,0.050100000000000006,0.05548072781269284,0.07975277054302965,0.0886528487411051,0.06033333333333334,0.05119506731630574
1971-10-01,36.42983852631038,37.12162266524487,22.089306474048684,22.253620366199726,6.072501814121827,6.341567215725691,106.58791100852957,108.1177992550645,35.741528228254104,35.99724961590535,17.782825308134793,17.90868869070624,2.155965493140276e-05,2.1453104328184546e-05,0.0423,0.0555571309195035,0.0932772460051412,0.08988364756743,0.059333333333333335,0.05228004915494303
1972-01-01,36.68401567785023,37.19522856526465,22.027776505060565,22.313576502854467,6.3485001742067615,6.372430379199768,106.57838034397513,107.82043536806708,35.6338572205042,36.15400589025915,17.92686003291311,17.9490329843496,2.1630871037324385e-05,2.1516162368723598e-05,0.03436666666666667,0.05572556273173236,0.08799062407057857,0.09117230936044876,0.057666666666666665,0.053337380155299874
1972-04-01,37.31991351205991,37.26815669109798,22.319528492207045,22.37302734918354,6.683740477466017,6.402648980330376,106.7893643279889,107.53116933468998,35.81433208184615,36.31237821448504,18.182006270430133,17.988117086565055,2.1919797207820277e-05,2.157625080191754e-05,0.0377,0.055992666661475385,0.09252262973781968,0.09249713284018685,0.057,0.054374612749091014
1972-07-01,37.473150793469145,37.339414202379864,22.52626592706035,22.431650908732795,6.768051163946457,6.431356106632175,106.82575439835718,107.24821473671716,36.06942390082408,36.47266019872718,18.207335056603192,18.025595646855333,2.232400933779871e-05,2.1631892151353993e-05,0.042199999999999994,0.05635173681078787,0.09948993691884468,0.09383442817336354,0.05566666666666666,0.055402005172100824
1972-10-01,37.91864599391338,37.40803332349972,22.84134290770413,22.489088290554445,6.8399735604911625,6.457843753548151,107.43069685529834,106.96934189428971,36.3544086362871,36.634834376155425,18.305797813830903,18.061241911993275,2.2666278694848032e-05,2.1681810324802655e-05,0.048633333333333334,0.05678463436506168,0.10912947755351986,0.09516052146225919,0.05366666666666666,0.056431456527145485
1973-01-01,38.65790775312197,37.47312343552521,23.15301345322281,22.545036475221632,7.137045273954587,6.481601265797386,108.48796290327041,106.6920813822443,36.6327571357443,36.798627210133695,18.494825914127418,18.094941390476034,2.2822597029208107e-05,2.172514939296871e-05,0.057,0.05726437567418197,0.11646151014685735,0.09645527350212005,0.04933333333333333,0.05747503133047531
1973-04-01,38.877864603223344,37.53410673190387,23.112097997473285,22.59940931625778,7.37462596029675,6.502347638534468,109.0653423603234,106.41427558007501,36.97356047557166,36.96358265104657,18.476016166598093,18.126731800358396,2.2729145172863475e-05,2.1761656385668394e-05,0.06603333333333335,0.05775888252488908,0.10980585293201163,0.09770727568574944,0.04933333333333333,0.058543066104677834
1973-07-01,38.473936434689826,37.59113432363374,23.046103606695517,22.652497007003372,7.0928570643711035,6.520195199287441,109.23626321230134,106.13489659124326,37.36025558342125,37.12913151624468,18.199062306455904,18.156899867726544,2.2491281106761724e-05,2.1791754400070576e-05,0.08323333333333333,0.058235911469126975,0.10708701609566385,0.0989176233038537,0.048,0.05964080881109236
1973-10-01,38.643995339150244,37.64518724674226,22.875253527557263,22.70491115684685,7.3518635192452555,6.5357760208062965,109.22698072228616,105.85455545860995,37.665523794230154,37.294700627838374,18.22852123139718,18.185951716745485,2.2223800382539295e-05,2.181646810847594e-05,0.075,0.058668390590594886,0.09167372473772704,0.100094973257918,0.04766666666666666,0.0607677513280761
1974-01-01,38.115040955018664,37.69780008234895,22.795989929292663,22.757514245025522,6.859260174616544,6.550075937719252,108.20200385263634,105.57575744516036,38.020945195698644,37.459851873063684,18.030164963594153,18.214423445953425,2.2100728611777064e-05,2.1837262733740093e-05,0.07616666666666667,0.0590448713616572,0.08104294872649585,0.10125308831992241,0.051333333333333335,0.061916110028479354
1974-04-01,38.01201553099203,37.751134243996816,22.866545642163913,22.811283359145623,6.891375871312821,6.56457356889671,107.93797024426472,105.30304557118433,38.24111048543257,37.62437216318973,17.97364829734578,18.242881304139676,2.1740586482567387e-05,2.1855864582725983e-05,0.08153333333333335,0.05936411251055915,0.09505346050751484,0.10240046798152191,0.052000000000000005,0.063069913107239
1974-07-01,37.46479331143855,37.80762357585508,22.797331028783578,22.867229055638617,6.508510774636379,6.580950642343911,107.02192597564783,105.04252953824805,38.46386495294539,37.78839602589884,17.77713613594989,18.271778996856764,2.1240902944901994e-05,2.187417098099903e-05,0.0819,0.05963557388761159,0.10525255653603495,0.10353298039712555,0.056333333333333326,0.06420657452385746
1974-10-01,37.13285691723706,37.86987999503403,22.26280602503803,22.926406852507483,6.530635728942218,6.601107142250269,104.72668262103464,104.8018799637461,38.58271935691624,37.95244624494195,17.850396692667005,18.30140305302004,2.084499797251754e-05,2.1894013487669722e-05,0.0736,0.059882571106139634,0.09748628827296901,0.10464190184147108,0.066,0.06529658954214512
1975-01-01,36.50392463735037,37.94031852990806,22.252920900152727,22.989840144109532,5.51824733648607,6.626925156463781,100.94389315391456,104.589925411145,38.70866897545792,38.11747692468594,17.952251269520918,18.33172746800442,2.0670520082176798e-05,2.191682810337682e-05,0.0575,0.06014233504578861,0.10463656056725877,0.10571958332438312,0.08266666666666665,0.06630553265016831
1975-04-01,36.591207595869804,38.02090932453273,22.452475721167023,23.058142101322453,5.389066445459011,6.660282849945384,99.54159509349674,104.41539433824357,38.58228900120688,38.28485292388589,18.180349753749507,18.36243976073587,2.1014496410565478e-05,2.194338432026302e-05,0.05393333333333333,0.060460669979262555,0.10121444294030348,0.10675390359720602,0.08866666666666667,0.06719941796752953
1975-07-01,37.006923072373894,38.112726716877575,22.665165798742184,23.131464608273284,5.739750349983612,6.702349917860877,99.87877306650745,104.28467751694775,38.391732551837165,38.45633305967021,18.378348147796462,18.392984916150827,2.128086016590075e-05,2.197365293392227e-05,0.06330000000000001,0.06088172871986188,0.10314808338144023,0.10773206452206088,0.08466666666666667,0.06795448532259159
1975-10-01,37.32150822154729,38.21594867886746,22.798024068550436,23.209578042898027,5.851607869930395,6.7534602207326415,101.10193719219285,104.20106961734507,38.32542796256447,38.63389495219174,18.39964087025597,18.42268948169465,2.133094191714419e-05,2.200701147411363e-05,0.05626666666666668,0.06144558449548333,0.12214218015408541,0.10863780579815836,0.083,0.06856039157415433
1976-01-01,37.97805656865141,38.33005905649927,23.154325633744566,23.291955694133286,6.355200117859028,6.813328691815081,102.27697734805822,104.16510467413615,38.29506218416228,38.819513245689045,18.588374538801908,18.45086656590851,2.1674384293658703e-05,2.2042393754999977e-05,0.04916666666666667,0.06219382195357368,0.12659283995980464,0.10945200213649611,0.07733333333333334,0.06901723869435758
1976-04-01,38.08588637728438,38.45397491707056,23.224525678224964,23.37780389017977,6.626887316667794,6.88107193410419,101.85874077676273,104.17541471864479,38.40190188535815,39.0150077214398,18.67265137623098,18.47681094304071,2.2003747746853066e-05,2.207829689968674e-05,0.05156666666666667,0.0631647889179367,0.11440416266271501,0.11016396848204427,0.07566666666666667,0.06933415341060728
1976-07-01,38.109877979497846,38.58638378844488,23.408745059473382,23.466231562356445,6.632046144255836,6.95549014019903,101.77323241705531,104.22950248155215,38.55963063203237,39.221905743946884,18.667815982257782,18.499899986447318,2.21925389774798e-05,2.2112975713026367e-05,0.051500000000000004,0.0643886912403218,0.10658408391202379,0.11077373280341248,0.07733333333333334,0.06952546000945875
1976-10-01,38.216991350544504,38.725727394057934,23.55936634710823,23.556237900681506,6.671223312071952,7.035179300008157,101.87087893868664,104.32345649258475,38.727614208171936,39.441382693649665,18.680176458822626,18.519631202103472,2.249228674207822e-05,2.2144627374230854e-05,0.04673333333333333,0.06588848594607138,0.107956250702689,0.1112839731905733,0.07766666666666666,0.06960944059825232
1977-01-01,38.499281961517816,38.87012631223036,23.77760171559759,23.646770629101276,6.975488764929927,7.118465287753631,102.49889780673529,104.451843010151,38.90129257881935,39.674225470642966,18.713801419733763,18.535606339517525,2.27880976406597e-05,2.2171489458290536e-05,0.0463,0.06767907462850263,0.10658901458499281,0.11169474920294221,0.075,0.06960925720515573
1977-04-01,39.06481457831041,39.01735221541677,23.865173903157338,23.736763209099532,7.404839142010322,7.203356428405355,103.96927536593088,104.60768367668409,39.131705266697935,39.92079224367451,18.774860138941605,18.547528007793563,2.2968695531884736e-05,2.2192009614916343e-05,0.0484,0.06976338691054973,0.11193937355029494,0.11200404057337976,0.07133333333333333,0.06955310762462952
1977-07-01,39.57535679687239,39.16490875234031,24.04077113028066,23.825215062991,7.736469056587435,7.287672099120386,104.57007191338816,104.78274758471397,39.45207222572816,40.18096451102754,18.895129073828556,18.555211571513926,2.3101642264769154e-05,2.2205015180485383e-05,0.054966666666666664,0.0721309904935041,0.11054395645172699,0.11220663595061034,0.06899999999999999,0.069472558865381
1977-10-01,39.400699292920635,39.31029159588148,24.118157173577433,23.911191718870576,7.68798528404547,7.369256473709983,105.12853199559665,104.9683607086381,39.86001754586976,40.45412377496855,18.679347220789726,18.558616231242897,2.297905344719814e-05,2.2209815203252698e-05,0.061099999999999995,0.07475810096183809,0.11103246539774991,0.11229728356646893,0.06666666666666667,0.0694002905771855
1978-01-01,39.35722558753537,39.451216671580845,24.193180091557423,23.99388122536395,7.768654927561236,7.446140244165242,105.16579049591543,105.1556591349211,40.24658395678945,40.7391750714086,18.59153180107072,18.55791466055157,2.2973687855441797e-05,2.2206276159488256e-05,0.06393333333333334,0.07761020619763226,0.10245869605572988,0.11226969247810373,0.06333333333333332,0.0693686870605274
1978-04-01,40.70235925289856,39.58542563661275,24.63796803105474,24.072591667507137,8.214791533086906,7.516483363946353,107.76547274848289,105.33581690851719,40.63706826865378,41.03461771166008,18.860329002664376,18.553357502058383,2.2864640425592942e-05,2.2194746213392972e-05,0.06476666666666667,0.08064425776986604,0.12373206579722605,0.1121167812313075,0.06,0.06940842410094707
1978-07-01,40.924205272361256,39.710573823249284,24.64312253436105,24.14674916848779,8.413078583873496,7.578598580226708,108.17423030565332,105.49995499592842,41.11349920165142,41.33859568393639,18.83950536321359,18.54521864025275,2.279743900213665e-05,2.2176052576929134e-05,0.07313333333333333,0.08380865920197866,0.1206864531569931,0.11182533649910903,0.06033333333333334,0.06954640538790538
1978-10-01,41.28068525676538,39.82498580557773,24.688157983006683,24.216127050853704,8.59554226776693,7.631197646509476,108.9756144462591,105.64065034026183,41.61682258082178,41.64894521331132,18.83228375439258,18.533963754202723,2.2651235594803005e-05,2.2151438889016765e-05,0.0857,0.08704189052296994,0.1181684234045186,0.11138940450739084,0.059,0.06980365434580016
1979-01-01,41.17056954071543,39.9277270787334,24.721488098111912,24.280808094053977,8.567945191238076,7.673496985502673,109.2630335522478,105.75210815502166,42.15385932705759,41.96329365426446,18.665965780411934,18.520241379016237,2.247159636876392e-05,2.2122530904207182e-05,0.09383333333333335,0.09027575968317178,0.1204443252959817,0.11080856967994665,0.05866666666666667,0.0701954362289951
1979-04-01,41.04106446466939,40.01876219906387,24.670360813702942,24.341172878474367,8.541508693823841,7.705313491788468,109.14762938138603,105.83058686009441,42.67492864237953,42.27917510148567,18.54014431543482,18.50488399817582,2.236004779773526e-05,2.2091257281774718e-05,0.09376666666666666,0.09344123595133923,0.10362161989818519,0.11008665332738099,0.056999999999999995,0.07073026400788784
1979-07-01,41.15695691294009,40.09883476506674,24.86895002310721,24.397882867596792,8.418201613754595,7.727039284746703,109.65204419841137,105.87452392754349,43.1542259987581,42.59416915908855,18.464539847672636,18.48881253338526,2.2296987039497537e-05,2.2059753037713396e-05,0.09673333333333332,0.0964715120797587,0.117631396662222,0.10923349910755828,0.05866666666666667,0.07140944517189951
1979-10-01,41.04782485524873,40.16933771814921,24.9407139768142,24.451813144498797,8.256256616957996,7.739611747614525,109.31681551738617,105.88442957130256,43.558302650189496,42.90603354745463,18.39217371295346,18.47296689631254,2.2102078706891898e-05,2.203030782465274e-05,0.11843333333333333,0.09929998421491368,0.11724476391193474,0.10825491003244975,0.05966666666666666,0.07222570579544631
1980-01-01,41.00254723194048,40.23233676005111,25.018878545102822,24.504140808432357,8.150445293331801,7.7444246246896284,108.57944106271451,105.86316691667378,43.946236465268534,43.21281544344809,18.395711110580844,18.458268657692095,2.193344093944158e-05,2.2005346559759643e-05,0.13353333333333334,0.10186021214157112,0.12204600627100559,0.10716193779999825,0.063,0.07316380771637868
1980-04-01,40.00053063457557,40.29046072297435,24.376562043305796,24.55635754350034,7.425606629180483,7.743214429173895,106.17781233559782,105.8157358860152,44.30815276237352,43.51292104097121,18.15677867702702,18.445586064468518,2.1657435441841784e-05,2.1987329828797742e-05,0.09616666666666668,0.10409771398769702,0.09443033830133496,0.10597125276682133,0.07333333333333333,0.07420066337309156
1980-07-01,39.78850735645754,40.34683459054232,24.567909351677038,24.610287675118396,6.89594026131743,7.737980871585531,105.24678361259774,105.74882400855925,44.46548569200956,43.805179730807716,18.141705683424185,18.4357463617411,2.1734186519527422e-05,2.1978670428403123e-05,0.09153333333333334,0.1059778035820021,0.09424102608962158,0.10470882783233085,0.07666666666666667,0.07530683282415712
1980-10-01,40.390017196911685,40.40441930027385,24.782451771168795,24.66765847380353,7.460572202646033,7.730524763285993,106.29951813019025,105.66934120711002,44.515239038343,44.08889695717876,18.29005125484541,18.42939434095939,2.1557165403096375e-05,2.1981579777290395e-05,0.13613333333333336,0.10746083784862148,0.10684909986797851,0.10339342282439766,0.074,0.07645233404687263
1981-01-01,41.03877373674659,40.465840433151136,24.770521199207124,24.730187625952567,8.136030951812986,7.72208731460254,106.53384151096992,105.58386926156814,44.70371360038927,44.363784543276736,18.529830975856168,18.42699048496544,2.1289539983685386e-05,2.1998132831411718e-05,0.1439,0.10849814591778478,0.10775526316717009,0.10203725519480346,0.07433333333333333,0.07760803491468693
1981-04-01,40.60124087461649,40.53373121701751,24.61757029078539,24.799684564340474,7.829290751429154,7.71373385938331,106.26503184407785,105.49936295989089,45.06109851341656,44.62982546313841,18.31130160634758,18.428909966518642,2.1370051650130587e-05,2.2030165372528887e-05,0.14906666666666665,0.10905897722939958,0.12483025101438772,0.10065470219348212,0.074,0.07874327059226954
1981-07-01,40.948523408786095,40.61110169365041,24.590885548748915,24.878008938135046,8.191904939838215,7.706776771374538,105.82085679356972,105.42334538599286,45.32466807896836,44.88722613746914,18.480515095865634,18.435595115963324,2.1275022106620034e-05,2.2079102163625324e-05,0.15053333333333332,0.10913470738217487,0.11017756840315428,0.09926371482535018,0.07400000000000001,0.0798253295558016
1981-10-01,40.36511724116487,40.70103241681189,24.292351676157054,24.966936362686504,7.915926640057227,7.702595772877531,104.99234109559595,105.36379549112581,45.66861409775987,45.13647819185925,18.262145529547926,18.44741856850972,2.1380796112949973e-05,2.2145995854554723e-05,0.1175,0.10874171678071787,0.07782904282718128,0.09789735381333728,0.08233333333333334,0.08081853573734413
1982-01-01,39.620805845493905,40.806851742801186,24.372353007673322,25.068096946389673,7.118962531070525,7.702863721314365,102.89136160304693,105.32892772153674,45.95046002089349,45.37836745529788,18.123406553938665,18.46478608634024,2.150426404209367e-05,2.22314373378653e-05,0.12813333333333332,0.10792225997085532,0.06810133348605896,0.09659550103885917,0.08833333333333333,0.08168357223798578
1982-04-01,39.68057922814166,40.9317260367971,24.29020862713822,25.18273079268834,7.0694547018968565,7.709391478208468,103.0608342512758,105.32672724587646,46.019247440560314,45.61403773011139,18.12185178226319,18.48799305400482,2.161609381981599e-05,2.2335579122841203e-05,0.1242,0.10672406542542615,0.06368681695770184,0.09538549568896537,0.09433333333333335,0.08238206890731276
1982-07-01,39.4143322115065,41.07812564196693,24.41992467681492,25.311673252948648,6.942558062520941,7.723628248310917,102.01730802902847,105.36366269601476,46.07926551352039,45.84502104471058,18.11146152084035,18.517125658508366,2.160243635080162e-05,2.2458153080579768e-05,0.09316666666666668,0.10520749353812082,0.06515094487050965,0.09427686809598498,0.099,0.0828798116955959
1982-10-01,39.310570807336475,41.247785043453646,24.78807946072503,25.45522256574844,6.345519310708346,7.746634786220048,100.75212053755918,105.44481774726778,46.09978228385635,46.073138968853726,18.208064872532958,18.552044211592246,2.179439872593608e-05,2.259846358073614e-05,0.07906666666666667,0.10344382716173897,0.08666072069799814,0.09325933691804007,0.10666666666666666,0.08315005609337237
1983-01-01,39.72279014740822,41.441430469348816,24.983487539586097,25.613129860723216,6.467423333810951,7.778993309739747,101.11195973979574,105.5732136474463,45.98846281764501,46.300399072278275,18.37195044298152,18.59235589080284,2.2763457641061154e-05,2.2755281381028186e-05,0.08106666666666668,0.10149682363228563,0.08461811528904173,0.09230441711123678,0.10366666666666667,0.08317613270886956
1983-04-01,40.521432920075895,41.658585258466275,25.469215519873906,25.784730983134583,6.949545401755801,7.820351930340264,102.03159758143283,105.74893792579866,45.91370894236036,46.528866378142375,18.641965133152116,18.637451137405723,2.3117483700718675e-05,2.2926853710291703e-05,0.08396666666666666,0.0994150045604564,0.1028576051224601,0.09137949949654381,0.10133333333333333,0.08295607003192323
1983-07-01,41.21449046391279,41.89768764161696,25.91722720821596,25.96895615596783,7.2869693989925475,7.869472949511347,103.79217520074333,105.96928164635936,45.95177481319788,46.76044939938625,18.74568909439472,18.686578918985234,2.3170156075960292e-05,2.3111402015887827e-05,0.09140000000000001,0.0972341227088434,0.11230150872309208,0.09044717095629096,0.09366666666666665,0.08250070313609274
1983-10-01,41.953946166841924,42.15643946214322,26.230113601698736,26.164516251466832,7.943630548741129,7.924525525860287,105.43897147853576,106.22919449045473,46.070550305457836,46.99670378878574,18.870705944506998,18.738985765827092,2.334640671916292e-05,2.33072258041543e-05,0.088,0.09498027562885517,0.1057731476345969,0.08947719218882426,0.08533333333333333,0.08183235288450089
1984-01-01,42.59706853841508,42.432071340091156,26.357552951468048,26.370059252299757,8.62035908130067,7.983257018446855,107.02341619072658,106.5222404852,46.28903576174758,47.23870180366492,18.9437264868106,18.793948556500922,2.3513082534445278e-05,2.3512613284883064e-05,0.0917,0.09267591454520718,0.10691988287041632,0.08845298285359401,0.07866666666666668,0.08098031886747704
1984-04-01,43.22310990778903,42.721627179205136,26.68970315651284,26.584237762687717,8.827597899349332,8.043365008328301,108.14037212750702,106.841446637663,46.74309535432043,47.486947556928435,19.027733655041885,18.850819198787676,2.3754953613373034e-05,2.3725821904365412e-05,0.09796666666666667,0.09033912801034694,0.10066425480497809,0.08736814758220415,0.07433333333333333,0.07997608878813116
1984-07-01,43.52390868064879,43.02218258422177,26.785418502469334,26.805655553921845,8.939246580052542,8.10286698264668,108.30862696357717,107.1800910906931,47.2262640899455,47.74135043790568,19.07203020630494,18.90903606611215,2.3793531861466995e-05,2.3945047695488318e-05,0.1032,0.08798739463013117,0.08346412229863853,0.08622783281876908,0.07433333333333333,0.07884970431694767
1984-10-01,43.74744266114851,43.33105035993729,27.014749816743787,27.032937694517432,8.770903794222688,8.160196252756554,108.67051618356828,107.53218981508665,47.70180182078207,48.00134478740346,19.061503226747433,18.96814153931387,2.4066685425673165e-05,2.4168437982661887e-05,0.08803333333333335,0.08564296022207685,0.07978980786479717,0.08504549507441754,0.07300000000000001,0.07762768040225176
1985-01-01,44.07460316254208,43.64578304641877,27.464868188045067,27.264649369489824,8.438075861344547,8.214248168212366,109.29541610205979,107.89239130133983,48.158022135818385,48.26602565874444,19.068977005617207,19.02777440178218,2.4494295397918047e-05,2.4393972638293293e-05,0.08183333333333334,0.08333757848205711,0.09008607766632949,0.08383286354120316,0.07233333333333333,0.07633370926050392
1985-04-01,44.35678159068714,43.96412408621365,27.69675198108065,27.499293903478577,8.54151288421835,8.264266374427036,109.76842796952131,108.2559862764515,48.505620855539085,48.53427818840973,19.089156559141333,19.087627460706663,2.4709288033822308e-05,2.4619489760060374e-05,0.0746,0.08110449708913967,0.08315763794309561,0.08259838260667361,0.073,0.07498859080791323
1985-07-01,44.916419334391904,44.28402056567952,28.199878698299823,27.735448694073742,8.418112487403759,8.309622845894852,109.78839778224929,108.61907911615017,48.85483610059906,48.804894069225774,19.2792469351768,19.147415524131322,2.5017088269604955e-05,2.4842811025516145e-05,0.07106666666666667,0.07897602356917428,0.09573216556999874,0.08135440491720475,0.07200000000000001,0.07361062472573429
1985-10-01,45.117032822381034,44.60360697960404,28.216838128654757,27.971766548579883,8.726215056952778,8.349857043874563,110.01526278291006,108.9786668397344,49.14422409171028,49.07661952394506,19.29945410425917,19.206850787816595,2.517018305115267e-05,2.5061738295449983e-05,0.07166666666666667,0.07698040013733004,0.08494154689071776,0.08011363265375773,0.07033333333333334,0.0722168678259668
1986-01-01,45.31404163990777,44.921362273205276,28.38374261871337,28.207147158470793,8.679602149533649,8.384578084770096,109.30135884208978,109.33243890173894,49.40176314958258,49.34820411992786,19.430349057720026,19.265724536494183,2.5291552825790173e-05,2.527411193320687e-05,0.06896666666666666,0.07514092566071194,0.0711833954980412,0.07889775409770171,0.07033333333333334,0.07082337028015681
1986-04-01,45.392633151329946,45.23604699843245,28.47643876039167,28.44060934202079,8.540936299252413,8.41363222640803,108.71187076810453,109.67870507094912,49.74605730900334,49.61841248418704,19.48516501995916,19.323883683879068,2.5790807332582665e-05,2.5477777572768282e-05,0.0614,0.07347757792300581,0.06327626144582443,0.07773147497680395,0.07166666666666667,0.06944500505079257
1986-07-01,45.69724248094757,45.54663726031737,28.93177471356184,28.67125345433202,8.289488150588806,8.4370582999095,108.9522779449829,110.0157363607824,50.03803380401833,49.88601655905481,19.54769625251713,19.381276510454136,2.625168552811676e-05,2.567053700060635e-05,0.055233333333333336,0.07200647579602625,0.05920270079894041,0.07663467954470697,0.06966666666666665,0.06809633882727056
1986-10-01,45.80805374267695,45.85218364352809,29.04104209026456,28.898176674087306,8.281742432083929,8.454987010497403,109.45000195940607,110.34117500393127,50.25288769699103,50.14984353292288,19.50785435347104,19.43795183307204,2.6609417901232105e-05,2.585034278911716e-05,0.05353333333333333,0.07073618966538593,0.06239008419083247,0.07561821754659641,0.06833333333333333,0.06679332683749718
1987-01-01,45.988376066791744,46.15181101567364,29.05599006982447,29.12061661888775,8.4844484756295,8.467468168266636,110.42307787448296,110.65196796204859,50.428811332535986,50.40879363286022,19.44849017759056,19.494063381457092,2.6765934847578423e-05,2.6015479941354424e-05,0.05536666666666666,0.0696648067026584,0.05661647627466304,0.07468204374094177,0.06599999999999999,0.06555290576427847
1987-04-01,46.35053564631939,46.444598881338294,29.44626916394302,29.33788332824419,8.434513680327576,8.474453066759116,110.71131465730323,110.94447193810257,50.679954818147785,50.66181219805907,19.53446631641348,19.549810657642514,2.6730555093621174e-05,2.6164693967446976e-05,0.05656666666666666,0.06877966229420956,0.07079681397854287,0.0738178453028652,0.06266666666666666,0.0643929747944803
1987-07-01,46.62769072309608,46.72950619036535,29.75812631798994,29.54923163241565,8.366695753719455,8.47591420038604,111.1787905380415,111.21487065942169,50.91980407641379,50.90783974785613,19.565167239725675,19.605366853824528,2.662268449380602e-05,2.6297203976546393e-05,0.06043333333333334,0.06805915548888283,0.0686126872985442,0.07300601842782234,0.06,0.0633317125488659
1987-10-01,47.31160296492818,47.00541431184512,29.767385258017416,29.75397084109964,8.941402971046482,8.471809821632892,112.06641633307852,111.45917751758121,51.14497610768307,51.14581234229529,19.719315246579022,19.660897530743693,2.6641465108490473e-05,2.6412603628989045e-05,0.058633333333333336,0.06747405221325437,0.06709175371096054,0.07222507116669115,0.05833333333333333,0.062386218705618515
1988-01-01,47.427330611886305,47.27112257938572,30.212686965440916,29.95153134095141,8.493562535274553,8.462040575437628,111.86975966651949,111.67336646426526,51.49173997637494,51.37465940128826,19.743382063820643,19.71654485444275,2.682490564279689e-05,2.6510721060035e-05,0.05723333333333333,0.06699035225505315,0.08325185779314538,0.07145076573839382,0.057,0.06157151062257844
1988-04-01,47.94025110834024,47.52560635373821,30.40551002292495,30.141346035597177,8.632187361903013,8.446803623464247,113.20037504266043,111.8537842144318,51.73643695014886,51.59329747602648,19.7712754375241,19.772489271211786,2.7018470103148708e-05,2.659156264138326e-05,0.0621,0.0665685299527082,0.07807410270098547,0.07065565603844268,0.05466666666666666,0.06090007260422824
1988-07-01,48.10322589593293,47.76792916951711,30.612007953364248,30.32300784541664,8.577529247648638,8.426325258837219,113.2142163448979,111.99690669065014,51.99891895901008,51.80070638694185,19.80180775270149,19.828930132975955,2.6879947279378824e-05,2.6655367502609817e-05,0.07010000000000001,0.06616296150782251,0.07844495242445682,0.06981967164488431,0.05466666666666666,0.06038153176091145
1988-10-01,48.6352561245264,47.99740905209426,30.936087695135754,30.49627657397533,8.671806188928574,8.400953856921523,114.23202388413722,112.10006625103901,52.24920583653188,51.99594881374831,19.87126308570848,19.886068306719547,2.682298135130938e-05,2.6702677645410647e-05,0.07726666666666666,0.06572523029077862,0.0900128724472502,0.06892737866492943,0.05333333333333333,0.06002161932426058
1989-01-01,48.99286858471452,48.21357562983946,31.02625448950543,30.66109886611562,8.938383422905618,8.37113599453335,115.0448383880483,112.16138482266443,52.48411826742192,52.178208241509175,19.89407436005577,19.94408992709768,2.6620221948175326e-05,2.6734211424480213e-05,0.08539999999999999,0.06520938032101667,0.07991470022550229,0.06796873400627595,0.052000000000000005,0.059822494735224274
1989-04-01,49.259262007621565,48.41636399058198,31.19057350882122,30.817706384610748,8.78595305749785,8.337485378469815,115.23087136684211,112.18034692372721,52.809553871512335,52.34682710468173,19.93806703168304,20.003174024952838,2.646340560819382e-05,2.675079508551554e-05,0.08409999999999998,0.06457666901571175,0.0796092372488999,0.06694687301023579,0.052333333333333336,0.05978213725600685
1989-07-01,49.51156283895702,48.606209574446204,31.377617659161196,30.966574389020078,8.66253381591998,8.300952557434137,115.22104106311563,112.15826373477663,53.08000340230252,52.50134342649563,20.005500166850613,20.063470330235976,2.6715405204126306e-05,2.675321170427302e-05,0.07843333333333334,0.06380097292933835,0.07361910634436075,0.06587239724700787,0.052333333333333336,0.0598936370896031
1989-10-01,49.4990406816603,48.78409430947896,31.468033934611846,31.108429801676014,8.576571699090094,8.262746454977442,114.96385826727204,112.0983711514708,53.31267134587176,52.64159216509396,19.99887366370561,20.125089466038858,2.6986070727176583e-05,2.6742087504297817e-05,0.07653333333333333,0.06286837069823609,0.06380856353647446,0.06476382226444027,0.05366666666666667,0.06014542893655616
1990-01-01,49.64091904518662,48.95159076999749,31.59622362233617,31.244277619205906,8.544437614957472,8.224275167481897,114.37989699804199,112.0058246824782,53.207232954204386,52.76778099579631,20.13664190138469,20.188107025444193,2.686899765013317e-05,2.671804525636387e-05,0.0776,0.06177408618399708,0.07099248976841244,0.06364450530356691,0.053,0.06052122230756146
1990-04-01,49.71635217467033,49.11074888787543,31.559900534199397,31.37537139954914,8.464419442103537,8.187111988736016,113.63893538322681,111.88755982129484,53.41230414124964,52.88055079393247,20.225367405886683,20.252520051942174,2.6737428687494545e-05,2.6681876324644913e-05,0.07746666666666667,0.060521883849860444,0.06462269473491089,0.06253720656871674,0.05333333333333333,0.06100067748689581
1990-07-01,49.63474803035912,49.26408223622649,31.741696294532378,31.503210214013123,8.258146859938021,8.152996753279082,112.77749873664264,111.75196932577921,53.578997353825784,52.980834021480796,20.270170188133864,20.318293272444823,2.673843414257924e-05,2.6634478977465183e-05,0.07476666666666666,0.05912541935520027,0.06574529443821531,0.06146927875450926,0.057,0.06155875399489379
1990-10-01,49.050215020132434,49.41451806067093,31.595371206064517,31.62943583237023,7.739357165667405,8.123811477984201,111.9932612775123,111.60850028563357,53.66659015348591,53.069912070244904,20.11101826203022,20.385373983570023,2.6666913740803634e-05,2.6576794907118168e-05,0.06989999999999999,0.057608938848651176,0.058630284107144215,0.0604693779856678,0.06133333333333334,0.062165619261794
1991-01-01,48.71637177618935,49.56525319520322,31.26765879815302,31.75586711152161,7.463184538507333,8.101482529912717,110.65184956157627,111.46719172901888,53.65253634038967,53.149456068176775,20.133045763542512,20.45367857444272,2.6675765620959803e-05,2.6509835325564368e-05,0.06023333333333333,0.05600646425841746,0.036280333487785255,0.059568832896718014,0.066,0.06278859149658825
1991-04-01,48.997126860070324,49.71929394571045,31.40406710235511,31.884330846779758,7.409640843560116,8.087683865792034,109.74953206017621,111.33827204731942,53.576333073476626,53.22152520109707,20.367259843149114,20.522948588073938,2.672977293346268e-05,2.6434668243362932e-05,0.0556,0.054359699425922975,0.037931543965104675,0.05879782268851139,0.06833333333333333,0.06339446872956297
1991-07-01,49.12508408861468,49.87914577535246,31.451684690270937,32.0163735240599,7.5000500604412,8.083686659198301,109.34758344215993,111.2314146252755,53.46688442330335,53.288507631582135,20.48386483052693,20.59271873541063,2.6560216796485654e-05,2.63524613793185e-05,0.05376666666666666,0.05271298998576342,0.03290326773598151,0.05817197124976891,0.06866666666666667,0.06395205612131928
1991-10-01,49.159726282049164,50.04688982386604,31.389452096951683,32.15326272462869,7.680843313021281,8.090349389942627,108.86582815590361,111.15526713373318,53.36656414400242,53.35302727678477,20.570742547145308,20.662419034283566,2.6413489474134096e-05,2.6264557259215607e-05,0.0454,0.05111145676039327,0.03415876640324278,0.05769386104500941,0.07100000000000001,0.06443324562283564
1992-01-01,49.63855172044756,50.224159432575355,31.987223702067787,32.29592960436069,7.464128367186865,8.108193630869009,107.9700206102869,111.1172884025818,53.34465873222019,53.41783312503977,20.885961724914385,20.73140309826803,2.648465130832575e-05,2.6172414097300506e-05,0.038933333333333334,0.04960087912019259,0.05856082850874733,0.05735028159905563,0.07366666666666667,0.06481287581668135
1992-04-01,50.06432700867202,50.41205128168415,32.152363048508796,32.44483603665194,7.83823618068742,8.137526185565283,108.15113794395215,111.12351619871242,53.267535473592645,53.485696147221,21.052832524885964,20.798958208771428,2.6284411981208528e-05,2.6077565136892396e-05,0.0368,0.048223466775066226,0.05824597930394515,0.05711331300257922,0.07600000000000001,0.0650698895069115
1992-07-01,50.42354514719313,50.611312284355876,32.45782174697476,32.6002588088807,7.864276247938576,8.178282358574435,108.03955181510577,111.17804136887622,53.26315154007572,53.55935583937266,21.21873298516096,20.864459578192562,2.611540314836822e-05,2.598171580062029e-05,0.030833333333333334,0.047014762218802214,0.06385220834531968,0.05695579193807039,0.07633333333333332,0.06518876311686239
1992-10-01,50.794158387440774,50.822486855854535,32.747688111320876,32.76229685146755,8.04368717291823,8.23024958183497,108.39368273531387,111.28313660375635,53.24553796386728,53.641431113135724,21.331742643477067,20.927433954774916,2.604028175609798e-05,2.5886674984560943e-05,0.0307,0.04600316827845416,0.07679263565891459,0.056851263004457656,0.07366666666666667,0.06516080438892845
1993-01-01,50.75020880272915,51.046015928770416,32.80186333561175,32.93096319452526,8.173695397572542,8.293049835418278,109.08218906071107,111.43915550835138,53.30151123976823,53.7343737967835,21.21794291006423,20.9876243132851,2.5754973480364517e-05,2.579430803544751e-05,0.029599999999999994,0.04520697438802224,0.060753570199597595,0.05677758106092407,0.07133333333333333,0.06498428642188943
1993-04-01,50.92833427465796,51.28233663013452,33.04934442615104,33.1062640521426,8.186296333186915,8.366211675015933,110.08337468899609,111.64468686540762,53.39944625757545,53.84040888578612,21.152746059443803,21.045023693511002,2.565662171873353e-05,2.570654910869089e-05,0.029666666666666668,0.044634905501332624,0.06326816919574751,0.05672506432456175,0.07066666666666667,0.06466279847844864
1993-07-01,51.03649362092247,51.53171354222172,33.27624697793806,33.288126053587945,8.126656087645822,8.449202695400276,110.43327221792687,111.89687992143962,53.479874543551645,53.96151428652699,21.142849088085036,21.099770378117242,2.5559659297255784e-05,2.5625283050071167e-05,0.03003333333333334,0.04428593221321893,0.06156134025996418,0.056686516005674426,0.068,0.06420389797562906
1993-10-01,51.584356395737004,51.79419874878093,33.48365332856866,33.476440023219794,8.481082113830452,8.541379511578045,111.16152312575693,112.19192941985168,53.531809028249654,54.09941856902724,21.271479707001575,21.152072871043966,2.5499686766123826e-05,2.555234325095804e-05,0.030600000000000002,0.04414966996924312,0.05698498214039027,0.05665882875511034,0.06633333333333333,0.06361889474807131
1994-01-01,51.961779347789744,52.06953749829483,33.74630600863153,33.671088386995706,8.77518619484978,8.641880494070511,111.57624999603033,112.5251133210151,53.69488048965309,54.25557760922044,21.35256914299154,21.202169881252072,2.5389930622567e-05,2.548950764471166e-05,0.032433333333333335,0.044206826340667194,0.06246857408239759,0.056641941988876635,0.06566666666666666,0.06292147119418118
1994-04-01,52.549273772462094,52.35734254831169,33.95876331761195,33.87195675201767,9.17244813838139,8.749778434557285,113.14660603156548,112.89104117234888,53.93325115547916,54.43112138165573,21.36555545708888,21.25037806198548,2.5262371513323584e-05,2.54385137910412e-05,0.03986666666666667,0.04442964035502238,0.05987940472291875,0.056635998968846246,0.062,0.06212700623648028
1994-07-01,52.71424969337011,52.65715491711378,34.17482839650548,34.078976661342686,9.000727633999972,8.864192669661909,114.17177894066238,113.28368086675773,54.237174572985126,54.626857856173906,21.26547732214182,21.297111742034527,2.5070950340054784e-05,2.5401037522671937e-05,0.04476666666666666,0.04478299260671029,0.059184491671734785,0.056644784601950555,0.06,0.06125259454466048
1994-10-01,53.16947997796656,52.968630430454105,34.4230592048075,34.292133801372074,9.325274121787091,8.984465088595195,114.31889385607646,113.69709527291661,54.481249071552725,54.843310973707275,21.397523374499322,21.342861481777994,2.4861150218099178e-05,2.5378653958020592e-05,0.0528,0.045228911831577345,0.06019833279555131,0.056674110923717255,0.056333333333333326,0.06031525140951589
1995-01-01,53.28270548599238,53.291456364105926,34.442141924151926,34.5114749065724,9.40370329368184,9.109989880467015,114.69944626602917,114.12582796295496,54.87224414140148,55.08078643913084,21.343332593776555,21.388102457551852,2.4728779924878035e-05,2.5372750085041215e-05,0.05736666666666667,0.045729416561757476,0.052196788599035315,0.05673137728659264,0.05466666666666666,0.05933120925025021
1995-04-01,53.33013645469748,53.625442123202774,34.70652226667859,34.737131366923315,9.173181044035244,9.24034154927327,114.29134663082723,114.56473571423203,55.23214504173094,55.33938608638918,21.36294508578543,21.43334825727046,2.4791031295751652e-05,2.5384415038418827e-05,0.055966666666666665,0.046251257259489836,0.05347795923396226,0.056826185681692905,0.05666666666666667,0.058314211787269546
1995-07-01,53.64540433156292,53.97038923693792,34.90184581232493,34.96919473644022,9.09958719977883,9.375254320950457,115.30789945756518,115.0089582426366,55.49447466165746,55.61910121607325,21.330498150816414,21.479088718135092,2.503946777303591e-05,2.54143666556648e-05,0.05366666666666667,0.046768457668329176,0.05173855786141979,0.056965303982204535,0.05666666666666667,0.05727508740186522
1995-10-01,53.86232387062952,54.32590864727006,35.034585270355,35.207740224286,9.25219402924753,9.514401129436763,115.27638970742322,115.45338751239078,55.71988517148831,55.91987371095395,21.390185426933208,21.52577361066457,2.5092277385410478e-05,2.5462988164695637e-05,0.05260000000000001,0.0472611136627097,0.04743227948295248,0.05715340741978414,0.05566666666666666,0.05622363475962818
1996-01-01,54.149874652395546,54.69139608460571,35.308291161595925,35.452802895127164,9.327380509109048,9.65725248151715,115.24282501910226,115.8930243166941,56.00917786188204,56.24158284746957,21.469502416739726,21.573763074477355,2.5226000223931698e-05,2.5530468784139102e-05,0.0493,0.04771363249768957,0.05515321949738783,0.05739190450976286,0.05533333333333334,0.05516927226318989
1996-04-01,54.91488182538503,55.06593695284288,35.68888284274811,35.704309177420505,9.696521952702184,9.803072611532633,116.03726597805313,116.32268257049874,56.28478938344509,56.58399472327572,21.638596854588616,21.623335205972097,2.5362434839498558e-05,2.5616805585957937e-05,0.050199999999999995,0.04811375823228777,0.05815012904346473,0.057676128062511295,0.055,0.05412107021012369
1996-07-01,55.25007646357818,55.448246958809044,35.83841870405783,35.962091842436536,10.017693151552166,9.950861949896737,116.66797156615169,116.73669197086353,56.6238275175875,56.946737263764696,21.648552345925562,21.674705260633353,2.544551362047869e-05,2.5721842725729105e-05,0.05096666666666667,0.04845022640521223,0.0551833670690276,0.05800001171026731,0.05266666666666667,0.05308820143617173
1996-10-01,55.65523827335417,55.83690980975803,36.06750116750138,36.22596907411615,9.973263970037808,10.099489166456975,117.65267982323134,117.12912875025577,57.020303221398905,57.32925216614548,21.635593009630842,21.728100432662337,2.5540353397924798e-05,2.5845298964268314e-05,0.04976666666666667,0.0487130764562757,0.05876745940931505,0.05835778533588184,0.05333333333333333,0.05208038810819489
1997-01-01,55.75498944843365,56.2303427569392,36.22327023501891,36.495674975779046,10.150080202549692,10.247797433349486,118.09245877694448,117.49395901308317,57.297756335156244,57.73077237141516,21.585168347018712,21.78373411976125,2.558425978469409e-05,2.5986748198283373e-05,0.0506,0.048893920600454305,0.058957844235047796,0.05874191841930504,0.052333333333333336,0.05110708893382302
1997-04-01,56.558604713569245,56.62680200912095,36.32510675303176,36.77083460729911,10.55785407851466,10.39448206962604,118.40218040499897,117.82542225197244,57.75135333794688,58.15032230431237,21.798790572515653,21.841764160616947,2.576493557643784e-05,2.6145593923847465e-05,0.05046666666666667,0.04898502954660564,0.04803525486739879,0.05914513648678292,0.05,0.05017854571145168
1997-07-01,57.11670096899874,57.024191086980025,36.78527179829455,37.05088764990091,10.715788071228763,10.538105772469072,118.77872534800362,118.11809680410269,58.264218712764425,58.5866295312266,21.900628898497732,21.902225303676197,2.5986662928375577e-05,2.6320997418607843e-05,0.05046666666666667,0.048979740303212047,0.057763524728860816,0.05956030001819634,0.048666666666666664,0.049305766642226134
1997-10-01,57.44648498244313,57.420311053101464,37.1158953444766,37.33497134836973,10.777254481674541,10.677265472441047,119.00064670992148,118.36690654862961,58.78727777429904,59.03813431224396,21.931659971649097,21.965126247197734,2.6234347888801882e-05,2.651187919087864e-05,0.0509,0.04887231590195587,0.05807225165769525,0.05997332581741405,0.04666666666666667,0.04849964833622201
1998-01-01,57.89057334608758,57.8129612118202,37.355497185923994,37.62202636683372,11.18001936667833,10.810611675091035,119.47599609886966,118.567193988537,59.338461821415876,59.503026309750084,21.972121781437508,22.03047537913914,2.66154249699984e-05,2.6716934857086467e-05,0.05053333333333334,0.04865794870349665,0.053051984086447845,0.060369007703748964,0.04633333333333333,0.04777068796603015
1998-04-01,58.281074696587694,58.19989962856151,37.89739373849419,37.91082042855315,11.018371171814861,10.93681116383804,119.80017359847636,118.71472450014666,59.9556457178559,59.979279288871425,22.001584371527322,22.098260707948143,2.6981945936819056e-05,2.693465739940004e-05,0.04976666666666667,0.04833309837105515,0.06603570982735807,0.06073095132516414,0.044,0.04712823709069796
1998-07-01,58.84512653302089,58.57887787532725,38.237286897807216,38.19991304164165,11.236151288361416,11.054725930095472,119.60741323937891,118.80587763307317,60.4903872725707,60.464696694416936,22.168779553099203,22.168433903911723,2.7245715659620582e-05,2.7163436128291617e-05,0.04823333333333333,0.04789539668324577,0.062315082559638135,0.06103818918986177,0.04533333333333333,0.04658074892262737
1998-10-01,59.617246116091,58.947647144096166,38.668742899834115,38.487811230998936,11.526807487736468,11.163250850474553,120.71946090667652,118.83777562098531,61.04911301134432,60.956994076996814,22.253236004679877,22.24088559484593,2.779361185683024e-05,2.7401641596468483e-05,0.04253333333333334,0.047343371398867684,0.064380845432507,0.06127306928010796,0.044333333333333336,0.046134721526038605
1999-01-01,59.954821513376665,59.304079678318544,38.851647021860025,38.773001684983946,11.797488253280603,11.261386428196985,120.07882900171023,118.80812300773776,61.61144511620761,61.453826795474306,22.384825464748122,22.315505647142288,2.8075327281659437e-05,2.7647642146135153e-05,0.04406666666666667,0.04667576148712636,0.06662597691240979,0.06141873763652493,0.043,0.04579587333040862
1999-04-01,60.25465308512794,59.64642987107033,39.38442938025842,39.054043005112256,11.693549802441042,11.348363726706737,120.42025813325125,118.7158855535108,62.28760004436946,61.95283043772863,22.369670974722844,22.392190599324667,2.8305232306218418e-05,2.7899995582862196e-05,0.044533333333333334,0.045888299643436326,0.06733468596840564,0.061460282659830154,0.042666666666666665,0.04556879689759391
1999-07-01,60.86371622437047,59.97333610364691,39.78584896554422,39.32950564116641,11.904716372992764,11.423763385099628,120.83560574563424,118.5609184593027,62.89639523310939,62.451662895155245,22.468652445849745,22.470879445214525,2.854493331041906e-05,2.815747628702508e-05,0.04649999999999999,0.0449750878789493,0.06783742989104158,0.06138604727528851,0.042333333333333334,0.04545633736861946
1999-10-01,61.71548993242815,60.28380651574702,40.27078392695831,39.5981337279142,12.176152707832312,11.487412322761742,120.9784084598545,118.34423190184232,63.53441697529184,62.948119216234744,22.68533388257826,22.551496414314858,2.8694726344926395e-05,2.8419068051025508e-05,0.05043333333333333,0.043929381350873195,0.07155241714079641,0.06118804591023276,0.04066666666666666,0.04545952605311593
2000-01-01,61.08275488686526,60.577405478505376,40.3861341286302,39.85893172320069,11.91170440805699,11.53947268832419,119.94765221001337,118.0683299904412,63.516240164305124,63.4402081138082,22.5802413008265,22.633963481065642,2.8547013981800126e-05,2.8683960359939196e-05,0.055200000000000006,0.04274538828649162,0.08374638592636628,0.060862325106130544,0.04033333333333333,0.04557744238319194
2000-04-01,62.00859564445932,60.854600923618555,40.587095224738206,40.111308839393736,12.560558807358197,11.580570402744387,119.79179596244632,117.73740763675401,64.12433527669074,63.92625088867904,22.865492742931107,22.71828569110749,2.8761562185666046e-05,2.8951485789300453e-05,0.05713333333333334,0.041421381883077216,0.07746036335598294,0.060411409136468634,0.03933333333333334,0.045806170253839595
2000-07-01,61.89376715421894,61.11620506716825,40.87558286657786,40.35500035961235,12.354787182041287,11.611605701750552,119.47831258493315,117.35685614499413,64.86586532600039,64.40457201652681,22.77024031055626,22.80443447583257,2.884266472501059e-05,2.9220863554783872e-05,0.06016666666666667,0.03996341947022361,0.07686333882559193,0.05985212481274647,0.04,0.04613851599189486
2000-10-01,62.09229492828872,61.363781054003745,41.11378613542451,40.590044184768864,12.296059121203516,11.634108427712693,118.63656045205163,116.93333430117268,65.53989527392389,64.87357957674065,22.865616809972913,22.89247340560942,2.9028479856933716e-05,2.9491161801681526e-05,0.06016666666666667,0.0383873783471808,0.0700544757370185,0.05921195454285068,0.039,0.04656324040111839
2001-01-01,61.75900280419447,61.59941787225579,41.20197486704424,40.81681573241728,11.62503264622852,11.650093978496415,118.30184440246218,116.47476774040206,66.20610737397094,65.33193694601258,22.704176072005538,22.982445644686944,2.953887092044991e-05,2.9761171751057033e-05,0.04816666666666667,0.03672176284269658,0.05644311257550161,0.058529012743425965,0.042333333333333334,0.04706526771277589
2001-04-01,61.936514189361,61.82570315408364,41.122240630350824,41.03603650911886,11.530934035368539,11.662006038612489,116.6552968201726,115.99004953352174,66.65182590035062,65.7787018271147,22.923921662630594,23.074378277018862,3.0013823809352744e-05,3.002934434104501e-05,0.0366,0.035008689340718414,0.04902308068235128,0.057848190406863356,0.044,0.04762479513288237
2001-07-01,61.48269795549859,62.04537004353558,40.991128551624065,41.248693304361815,11.28491268720279,11.672289192984433,115.03045917966257,115.48907669527048,67.04218840382978,66.21346944769103,22.91748593148615,23.168122592792304,3.0467401915971063e-05,3.0293934972593026e-05,0.0317,0.03329742729008375,0.03657703640111043,0.05721307483794896,0.04833333333333333,0.04821906240846571
2001-10-01,61.45376956440221,62.26126445900447,41.359990308696524,41.455853880841175,10.665284277072887,11.683316034712206,113.33301725411364,114.98200170577574,67.35613436227203,66.63638722879229,23.09133837696426,23.263432466377832,3.09662346563907e-05,3.055313212883282e-05,0.01906666666666667,0.031638240708792086,0.03798573370302338,0.056661737647891036,0.055,0.04882304378959574
2002-01-01,61.83275917699783,62.475918281397675,41.32101836217306,41.65844901986909,10.961674807221081,11.697221707316032,112.04873495477435,114.47852009505849,67.54754894084928,67.0481408813669,23.383257978534413,23.359898963373794,3.1323999639427385e-05,3.0805179457461025e-05,0.0172,0.030080395222786594,0.03192422264043393,0.056219352923874796,0.057,0.04941178494567029
2002-04-01,62.05322886074518,62.691387569464446,41.59653140739855,41.85737057176619,11.012954256571012,11.71548540247153,112.07747548533153,113.98712992400714,67.81025322975837,67.44989804359382,23.430867079698366,23.456997478805253,3.1382436290411925e-05,3.1048533648421823e-05,0.01713333333333333,0.028665299224234133,0.037771783813083326,0.055899422250619946,0.05833333333333333,0.04996419214371872
2002-07-01,62.138678828798675,62.909350062993944,41.78141397988035,42.05331615944249,10.928470719049349,11.73912292215983,111.3639982882678,113.51466274248901,68.03770587864733,67.84317927328684,23.53313461566297,23.554209329202365,3.173248715448917e-05,3.128194265177898e-05,0.016433333333333335,0.02742631085828732,0.04618597794230572,0.05570026275641902,0.05733333333333333,0.05046391428517933
2002-10-01,62.04269410329284,63.13110319354166,41.84806171028806,42.246833219225664,10.885630618027946,11.768709795768856,111.131977588514,113.06664757971134,68.23275321997315,68.22977596861952,23.505096149010644,23.65099072208583,3.210327180598842e-05,3.1504343523362603e-05,0.013333333333333332,0.026389580791416966,0.04085115718440013,0.055608861795541135,0.05866666666666667,0.05089983098473397
2003-01-01,61.94315423032438,63.357474771620076,41.84990647245913,42.43830855126631,10.857262549978348,11.804307612499434,109.74269237837132,112.64718919336886,68.13360292358144,68.61164915880798,23.672110002299394,23.746775713509074,3.225443499727441e-05,3.1714944795331104e-05,0.011566666666666664,0.0255743890791408,0.04796683467546203,0.05560626029424659,0.05866666666666667,0.05126511524396958
2003-04-01,62.28804225003944,63.588613667098095,42.079718170681765,42.62788432170526,10.859844425169223,11.845409875817312,109.13979544519954,112.25913570044982,68.3127893595648,68.99080972320534,23.86735052837234,23.840897246054794,3.2698692888813346e-05,3.191332922304876e-05,0.0104,0.02499185562231524,0.046628701394884065,0.05566427561341372,0.06133333333333333,0.051557794336774314
2003-07-01,63.13437532222803,63.823770761894316,42.58638273539474,42.81533248277998,11.157795328733023,11.890889010019752,108.9390285215227,111.90348915823398,68.46371526852892,69.36901231182621,24.20191476473095,23.93263113023959,3.3072339995145466e-05,3.209942786450473e-05,0.009300000000000001,0.024644345495288912,0.055693840420633745,0.05574995047290913,0.06133333333333333,0.05178052150667552
2003-10-01,63.63986402172431,64.06135866846475,42.67153519052592,43.00007400362838,11.524613217722015,11.938956933643748,109.07038547906016,111.57929694719317,68.67648036756768,69.7476208124728,24.350128452142698,24.02125966114928,3.273428194660361e-05,3.227368050878088e-05,0.009166666666666667,0.0245251038626465,0.056742132066838424,0.055824680358712846,0.05833333333333333,0.051942059709073396
2004-01-01,63.95667882380047,64.29932985410684,43.07220045658498,43.18137622977829,11.557387477792057,11.987321971657536,109.49683137003956,111.28377352805362,69.18522908187009,70.12745369719592,24.346385019658392,24.106224609328574,3.2732084833963596e-05,3.243716026590886e-05,0.009166666666666667,0.02461778567303813,0.06246438156335454,0.055849825688022214,0.057,0.052057142406759786
2004-04-01,64.26545989692582,64.53533998222741,43.16391673960814,43.3582877658152,12.008228220990217,12.033389909561452,109.29267872033215,111.01260564029936,69.51678505304018,70.50866541772123,24.452671382713817,24.187167478187014,3.306542573972735e-05,3.259126627306199e-05,0.010766666666666667,0.024896446851866445,0.06416729908669816,0.055787320285352174,0.05599999999999999,0.052144497608541715
2004-07-01,64.66822144474908,64.7667942658545,43.43863524466857,43.529774787125994,12.18518931161468,12.074252039650395,109.60244827828424,110.76041731584688,69.92111973301738,70.89081443499003,24.51089078303715,24.26387776294942,3.311340529377846e-05,3.273762165055692e-05,0.014866666666666665,0.025325486375155117,0.05918163149514921,0.05560323207263976,0.05433333333333334,0.052225942609221976
2004-10-01,65.10121928846235,64.99089169327664,43.80254095228671,43.694667221491635,12.425488864928848,12.10694980256361,109.83763000316232,110.52081315279996,70.34537998730511,71.27281852358935,24.588537324434203,24.336311046437654,3.318774068545373e-05,3.287818429066027e-05,0.020066666666666663,0.025860472106312066,0.06767699615471634,0.05526886645857281,0.05433333333333334,0.052325704392598024
2005-01-01,65.64049041070025,65.20473329748242,43.839524490915785,43.851723624792136,12.787588221700341,12.128575965143273,109.766783948176,110.2867337568128,70.85156640057225,71.65295549860316,24.740454379459145,24.404579631264472,3.302152590583679e-05,3.3015186868603106e-05,0.025366666666666666,0.02645043514642741,0.061687310695593744,0.05475776535147828,0.053,0.05246932706166986
2005-04-01,65.75763285195262,65.40545657736082,44.16821123357819,43.99975754163725,12.614003915671598,12.13642590613581,110.11960315225492,110.05075446835463,71.42485749516868,72.02887749018056,24.663297853688757,24.468957392382205,3.2929356165751185e-05,3.315109640475439e-05,0.028633333333333334,0.027040785468191518,0.06620222168804757,0.054051225740743176,0.051000000000000004,0.05268360948752545
2005-07-01,66.12423046495819,65.59044516943281,44.52198074220146,44.1375652085065,12.734312562278015,12.128230743498506,109.9967176581579,109.80519004410976,71.89860203950494,72.39768020978107,24.761441743412444,24.52993298841284,3.298981793712546e-05,3.3288425625285854e-05,0.0336,0.02757625568899489,0.07076921550439219,0.05313487558159459,0.049666666666666665,0.05299568221183919
2005-10-01,66.3155888796205,65.75728556363804,44.49229347965382,44.264041368197304,13.157666948973574,12.10207767696085,110.3556883364727,109.54246861987563,72.37733866327335,72.75602061324666,24.72307131298276,24.588123395723414,3.305072969986278e-05,3.342958894149997e-05,0.038266666666666664,0.02800257376864372,0.06163723063056836,0.052001937201726633,0.049666666666666665,0.05343162352035577
2006-01-01,67.02984517768641,65.90388888572595,44.7918257260033,44.378318019645874,13.35153978425092,12.056512414021434,111.16383334121764,109.25521676756335,73.01043568581304,73.100179978287,24.795420512304716,24.64429747369882,3.3167881460587066e-05,3.357685316294477e-05,0.04393333333333334,0.028269232507138614,0.06660800156753144,0.05065665439128518,0.04733333333333333,0.05401543106410417
2006-04-01,66.99009791129836,66.02851537618375,44.87301234192296,44.479671908324484,13.199681271603463,11.99081957611508,111.09633037242862,108.93665710001815,73.63649432360816,73.42614037356569,24.716529303055296,24.6993164192199,3.314700572039015e-05,3.373228646786066e-05,0.04703333333333333,0.02833213976254144,0.062137055165539135,0.04910929299880918,0.04633333333333334,0.05476874939607983
2006-07-01,66.87888066936004,66.1301343059444,45.010559084334474,44.567643339422354,13.066766319302932,11.90516103326429,111.33980747452866,108.58129238930597,74.18122754925315,73.7297716448913,24.576926041465768,24.754144087833133,3.328687608877943e-05,3.3897739231978423e-05,0.04906666666666666,0.028156993455930417,0.05467452831627906,0.047380088464822695,0.04633333333333334,0.055709046758196434
2006-10-01,67.23452666400422,66.20833109379335,45.05915623575157,44.642027205831866,12.81447135032906,11.800510978563894,111.37263108526561,108.18506201262744,74.67459940723124,74.00703037673178,24.645639953830532,24.809763806750293,3.3610011681365014e-05,3.407473107134565e-05,0.04903333333333333,0.02772117975436552,0.05171312990608601,0.045497418581203986,0.044333333333333336,0.05684851925732845
2007-01-01,67.11711912535937,66.26318064481268,45.10871559313254,44.7029062093296,12.585349369109538,11.678596505622762,110.93852062729191,107.74570253059795,75.01797645582295,74.25412599305248,24.625563130422673,24.867056121904177,3.3620040973226805e-05,3.426443169767032e-05,0.04983333333333334,0.027015153370663406,0.0504671172100748,0.04349422016473843,0.045,0.058193503179459774
2007-04-01,67.31418834580501,66.29542048247085,45.140554782709856,44.75063634747166,12.633223172311721,11.541767971636608,111.07800577478342,107.26299094974743,75.39026804548209,74.467673702736,24.634984306733966,24.926806496898177,3.387403599527017e-05,3.446775055927788e-05,0.047366666666666675,0.02604268911362758,0.04717518372203977,0.04140731485178946,0.045,0.05974251281937176
2007-07-01,67.46811291930425,66.3063440157094,45.27487282418839,44.78584017408616,12.467645159051616,11.392884890561104,110.34740954204032,106.73871772315707,75.73351437329178,74.64477372643054,24.75805977046079,24.989656001796522,3.412411274104053e-05,3.468521786023042e-05,0.04303333333333334,0.024821823154538205,0.045083970059452305,0.039277882339373814,0.04666666666666667,0.061485816532358586
2007-10-01,67.66639749158041,66.29789887346044,45.526127958936456,44.80939619328338,12.179443733672105,11.235363568902153,109.74593766158705,106.1770182739168,76.02390667638682,74.78312812547715,24.885838128344282,25.056068583298437,3.424239495064433e-05,3.491700925162081e-05,0.0339,0.023383919150646096,0.04999217110093457,0.03715070724255214,0.048,0.06340446860320234
2008-01-01,67.31510032248556,66.27276930982795,45.64353677059717,44.822498632103176,11.779082016767315,11.073105496930642,109.45710413224757,105.5841898525854,76.51292958924313,74.88115986522206,24.743493189420352,25.126368052912035,3.478205608043464e-05,3.5162957612680646e-05,0.020433333333333335,0.021771722953063823,0.04029789837740072,0.03507420298121017,0.05,0.06547026134801906
2008-04-01,67.48779306515672,66.23449535969458,45.823450859306604,44.82679563168858,11.58068718828097,10.910367171180424,108.56928893193518,104.96860199254809,76.64381842801141,74.938119280925,24.923725481063805,25.200775882669273,3.5093875505410714e-05,3.542246913199557e-05,0.016266666666666665,0.020034552963434794,0.04231353048397368,0.03310480889014508,0.05333333333333333,0.06764535929004778
2008-07-01,66.92190963237299,66.18726387625283,45.4754875563891,44.824450394718774,11.269633835003143,10.751583407940785,106.99587514814787,104.34080865639595,76.689160620111,74.95433172562102,24.945208188459134,25.279275130524013,3.5160287514246015e-05,3.5694697687393665e-05,0.014933333333333331,0.018220891089890112,0.03354231515330586,0.031302229113776725,0.06,0.06988225803918505
2008-10-01,65.27453897070464,66.13602968597178,44.103216461498334,44.81824533357363,10.347034079886557,10.601329180122537,104.08657120146007,103.71331393306147,76.6512983051308,74.93124383423606,24.775344463648374,25.3616749833643,3.607487911164111e-05,3.5978567703181434e-05,0.002966666666666667,0.016376864311625394,-0.004099212047437462,0.02973192324752108,0.06866666666666667,0.07212450818910446
2009-01-01,64.51752403125877,66.08618993941069,43.72774590662621,44.81136682105508,9.030846179810633,10.464235628800491,101.34213115881015,103.09994590997039,76.58948001583725,74.87143452545297,24.924086717392555,25.44757195771754,3.7218602101131446e-05,3.6272631397879626e-05,0.0021333333333333334,0.014546544884238405,-0.017930588238491696,0.028460750940568838,0.08266666666666668,0.0743094839222051
2009-04-01,64.27466907721444,66.04258462752915,43.70801990699643,44.8065492459943,8.345763177748719,10.344556567201113,98.84539617112534,102.51443823779242,76.0523388548795,74.77859186523528,25.298398728606617,25.53618488446801,3.762672688765927e-05,3.6575456619822026e-05,0.0017333333333333335,0.012765623689798805,-0.029108879945702992,0.027534427382551324,0.09299999999999999,0.07637239826993455
2009-07-01,64.33561661590936,66.00905106479821,44.14791614749293,44.8058405139845,8.215400180412278,10.245456591318714,97.47552746215517,101.96912667515474,75.33652340220036,74.65749172308215,25.637853153882403,25.62638942891618,3.761931145085179e-05,3.688615713312408e-05,0.0015666666666666665,0.011062033353156935,-0.018407267400220917,0.026969673176112968,0.09633333333333334,0.07825368750295565
2009-10-01,64.86489930564217,65.98830330399093,44.15264169753483,44.810594043652664,8.862861414485257,10.168700129444932,97.2259370125424,101.47380076260957,74.6111775022659,74.51370222277671,25.979708341687708,25.71689516895881,3.758815303479102e-05,3.72044749301697e-05,0.0005666666666666667,0.00945681131769034,0.012181337874434872,0.026747806856818025,0.09933333333333332,0.07990418014301251
2010-01-01,65.04399193343652,65.98199949250865,44.36231903648718,44.82175113606489,9.005296908438762,10.11472131895326,97.08966024436722,101.03526509213711,74.19599104872562,74.35319472778771,26.126177344583088,25.806400623555575,3.745783877248271e-05,3.7530603939799004e-05,0.0010666666666666665,0.007965060422597498,0.02914671253733303,0.026821786372370558,0.09833333333333334,0.08128600449049322
2010-04-01,65.5025804429076,65.99109772891903,44.46285177454259,44.83984198319691,9.42990038942647,10.083217345261671,97.73315754641256,100.65759090842492,73.75264824638002,74.18196513882697,26.25265691619089,25.893750865899047,3.758993720000481e-05,3.786498686249231e-05,0.0014666666666666667,0.006596327166670007,0.03806790751352218,0.027135465627360654,0.09633333333333333,0.08237343206652983
2010-07-01,65.82009249164156,66.01597622552424,44.61040682389875,44.86511177981536,9.761745224267074,10.073302912607412,98.03800504854888,100.34238369179022,73.40449985677817,74.00586392287909,26.370199873338795,25.977975903295068,3.775568367286317e-05,3.8208035026940276e-05,0.0015666666666666665,0.005355846552602006,0.032864256840122064,0.027634151605231493,0.09466666666666666,0.08315138897278114
2010-10-01,65.9821748310327,66.05671813649658,44.810345784272336,44.89757270782921,9.690877297848735,10.083814943473968,98.2040792350114,100.0894894261975,73.14924480022435,73.83042092458231,26.43828389393256,26.058318599727315,3.79295706489456e-05,3.855999811312728e-05,0.0013666666666666669,0.004245647545275133,0.039508724033081144,0.028269984065605096,0.09500000000000001,0.08361352624919775
2011-01-01,65.78452414814704,66.11329539236276,45.12508491872124,44.93708050675238,9.493640806300762,10.113516105129062,98.30177399311026,99.89741479003229,73.02875036075694,73.66073846753783,26.357261021474184,26.13425919304405,3.817748791352437e-05,3.8920844278881866e-05,0.0012666666666666668,0.0032653908721423197,0.04430791938835621,0.02899837158387529,0.09033333333333333,0.0837606919842889
2011-04-01,66.12609766869572,66.18564443688288,45.284580242432995,44.98343904854188,9.803373121699371,10.161016052846469,98.93515709073273,99.76360075976882,72.76454141662245,73.50144692288865,26.417232566136374,26.205511486587675,3.857664255006746e-05,3.9290134384086044e-05,0.00046666666666666666,0.0024129378976073656,0.04741107844268422,0.029781746947915584,0.09066666666666669,0.08360085081265807
2011-07-01,65.95535366072245,66.2735061019391,45.284957625479166,45.03657203679914,9.82588555541982,10.224590737871189,99.08448172547686,99.68460158071325,72.55997783121173,73.3567444948109,26.349153149382655,26.27192855513292,3.998335026470406e-05,3.9666932782945186e-05,0.0002333333333333333,0.0016849007834456482,0.04742977079832644,0.03059211141297728,0.09,0.08314607526975193
2011-10-01,66.56383790347743,66.37659328475823,45.347658025173494,45.09659386301648,10.551868815855473,10.302319098068836,99.62441294348908,99.65655631650698,72.36726066694031,73.23034178503569,26.52315167465621,26.333497459623036,4.0501654522498514e-05,4.004980697274995e-05,0.00013333333333333334,0.0010766752719132094,0.039718142649174615,0.031412484566495924,0.08633333333333333,0.08241285402592595
2012-01-01,66.53070575170942,66.49442738274841,45.36134533318871,45.16377778574319,10.663970060843111,10.392019954717775,99.59612996578156,99.67531416630148,71.93192134842236,73.12543604741371,26.570897446939544,26.390256595347402,4.0590711576022195e-05,4.043746745688794e-05,0.0006666666666666666,0.0005827498756097679,0.04168517660531945,0.0322364095330229,0.08266666666666668,0.08142195945449193
2012-04-01,66.67020011545743,66.62665327889253,45.258645717287344,45.23855883478862,10.883939246821383,10.491630733575722,99.51969638840472,99.73677110840666,71.9811869209103,73.04468153145815,26.633516109380466,26.442366245470645,4.0931433882270056e-05,4.0828858917552556e-05,0.0008666666666666667,0.00019702351842343022,0.033238677456211674,0.033062620473411256,0.08199999999999999,0.08019661422832883
2012-07-01,66.59709368918865,66.77294471380591,45.11963419547975,45.321502049241545,10.831580562200832,10.599203300926083,99.73247180513906,99.83682193647961,72.06513836381657,72.98999184295079,26.556567729348952,26.490103672678146,4.146306836835156e-05,4.122298101320396e-05,0.0010333333333333334,-8.655242776328719e-05,0.028852630647786315,0.03389575702793424,0.08033333333333333,0.07876081896232318
2012-10-01,66.50795244940703,66.93300823810897,45.23225472050501,45.41319316526812,10.726095927579227,10.712966938689034,100.0,99.97125674355078,72.13063849025778,72.9626323246156,26.466464539752863,26.533870062455662,4.2047249654056176e-05,4.1618859060704476e-05,0.0008666666666666667,-0.0002736080641002167,0.033835626087084236,0.034740568872479324,0.078,0.0771397013874688
2013-01-01,66.91613764474418,67.1064447970976,45.324707030592364,45.51410016775021,11.058340370609857,10.831226198268764,100.14968743112472,100.1358155873413,72.15176625869185,72.9633145518759,26.60029565344772,26.574112944084817,4.237601657423061e-05,4.201563319494365e-05,0.0008666666666666667,-0.0003690735631365046,0.02753395257214475,0.03559865372894641,0.07733333333333334,0.07535937205624141
2013-04-01,66.85267940672185,67.29259047525832,45.16168906138636,45.62458633237681,11.151307963094041,10.95221952374707,100.29528961882974,100.32625769932085,72.29228920891737,72.99225870273756,26.531912252187958,26.611241908422883,4.266179971924239e-05,4.24126827956418e-05,0.0005000000000000001,-0.0003771664257145664,0.02505586483655331,0.03647104372999452,0.07533333333333334,0.07344647920774958
2013-07-01,67.2125684912829,67.49066060061605,45.20110242589111,45.74490456945522,11.488797932763449,11.074248770086438,100.56740602133776,100.53834020657428,72.43269101161107,73.04920731777199,26.609728205573578,26.6456865234709,4.299650199347717e-05,4.280959361721717e-05,0.0003333333333333333,-0.00030133181503319215,0.02875376387578088,0.03735373057005967,0.07233333333333333,0.07142890480690005
2013-10-01,67.58362476508486,67.69958921596258,45.397423609328605,45.87502361782801,11.514585917417786,11.195664824134857,100.68141802916408,100.7677798270353,72.65089101341837,73.13349404674376,26.708799317161915,26.677829775725556,4.3403296061650176e-05,4.3206095899930195e-05,0.0006333333333333334,-0.0001444666652750965,0.03140581307567669,0.0382355714567695,0.06933333333333333,0.0693357101024281
2014-01-01,67.24997606029254,67.91812629605288,45.50639424213863,46.014573406891074,11.39884706697234,11.315006584943378,100.99509290133588,101.01028197369008,72.89206893549198,73.2440924240209,26.492511695397543,26.708034676179178,4.377895342894819e-05,4.360203078920354e-05,0.00046666666666666666,9.092875509473207e-05,0.0312789245115912,0.03910004861856775,0.06666666666666667,0.06719652161089806
2014-04-01,68.01186353439833,68.14493594198946,45.86768519967437,46.16288243411597,11.822745793672706,11.43095461371087,101.4629776101113,101.26146183400323,73.09084708024957,73.37969478852386,26.686828177105713,26.73668578483098,4.4122177404824414e-05,4.399736119013212e-05,0.0003333333333333333,0.0004028403026104391,0.04602355672697023,0.03992637568490996,0.062,0.06504096436339359
2014-07-01,68.67389114451123,68.37824416148301,46.1736770389909,46.318953288908176,12.042460679523707,11.542195241419792,101.84199862340925,101.5168838272473,73.36820381959078,73.53878810488959,26.845758348863846,26.764034128577475,4.440651401401136e-05,4.4392163429019976e-05,0.0002666666666666667,0.0007894886700008982,0.051576717425005913,0.04068887808268478,0.060666666666666674,0.06289833223165807
2014-10-01,68.89132855694616,68.61617009820338,46.48565464617305,46.48159193316577,12.116643444559378,11.647619272550822,102.76218317468559,101.77219466523938,73.68996947312999,73.71968697046155,26.732787365676753,26.790300746088406,4.4782800555119374e-05,4.478659820811417e-05,0.00023333333333333333,0.0012490511081391844,0.04962247463491254,0.04136569197693213,0.057,0.06079601848470782
2015-01-01,69.25072408774456,68.85699285767555,46.53952101158675,46.649498143153934,12.482201955360514,11.746402408037401,102.53971172177587,102.02320114187071,73.88622558693852,73.92060117806005,26.88509128819567,26.815758808272278,4.54583635717325e-05,4.5180843232217285e-05,0.0002666666666666667,0.0017793781041462965,0.0453459146177253,0.0419417584322809,0.05533333333333334,0.05876002160058103
2015-04-01,69.5629292421703,69.09914025161301,46.78175497762823,46.82135671295667,12.38994379684446,11.838001256925763,102.78573684723014,102.26628792565482,74.31457488781113,74.13971804139233,26.909763604763068,26.840646576178724,4.562882878022698e-05,4.557508198845191e-05,0.0002,0.002377685321533974,0.04241406604712572,0.042407179002521216,0.05433333333333334,0.05681396754576294
2015-07-01,69.63811725782199,69.34126496797454,47.02395194082322,46.99576427934892,12.341796014631049,11.922326708255255,102.61262747160043,102.4981305589368,74.68180996347759,74.37519437072399,26.921892056869503,26.865246608694626,4.5922441133516785e-05,4.5969682026525425e-05,0.0004,0.003040242979165533,0.039776728506459635,0.042754182839059074,0.051000000000000004,0.05497934060657173
2015-10-01,69.57192984991883,69.58229168875837,47.11364001692709,47.17127171705124,12.13650449095978,11.999647442593504,103.01186027305562,102.71570339609143,75.02267871886399,74.62528324215795,26.78577568761106,26.889885745644957,4.642127852083401e-05,4.636505923972013e-05,0.0012333333333333335,0.0037619602425783298,0.033330767857022714,0.04297500339770337,0.050333333333333334,0.05327607467294285
2016-01-01,69.73324850121853,69.82131671572574,47.38818983537936,47.34642589769899,11.953246297326693,12.070516988271036,103.07005011394953,102.91603286398629,75.24162426023774,74.88841422343783,26.81067195544556,26.91492746252811,4.730670670044701e-05,4.6761614888261044e-05,0.0028666666666666667,0.004536096125447745,0.03740584092682142,0.04306001322530513,0.048999999999999995,0.05172161654693261
2016-04-01,69.7851378050559,70.05741780637443,47.533572817388844,47.51971578538457,11.81233517147302,12.135602402250543,103.13650472495442,103.09631627928772,75.47903581325185,75.16324975754557,26.789828247613823,26.9406712811357,4.7713412688129535e-05,4.715980044613135e-05,0.0025666666666666667,0.005354329249630882,0.0368802341146266,0.04299355722150247,0.049333333333333326,0.05033157381726011
2016-07-01,69.9784462800232,70.28960548061958,47.74385767129197,47.68963484557669,11.775038625954558,12.195522286932551,103.16423888729776,103.25383931412571,75.65051347082118,75.44865862499888,26.838018430922745,26.967352493222148,4.818918639220626e-05,4.756042772405347e-05,0.0029666666666666665,0.006207294843573101,0.03647054521909321,0.04275644642824693,0.048999999999999995,0.04911985306230258
2016-10-01,70.23088121122095,70.51670657056998,47.894879585356605,47.85466469248309,12.038491075963803,12.250709817208977,103.12907310492739,103.38591090470635,75.80563560618306,75.74369391998242,26.92149328434228,26.995112664544173,4.854609691459711e-05,4.7964686110975214e-05,0.0043,0.007083885846605408,0.04286670071776477,0.0423256710605482,0.04766666666666666,0.048099736960134754
2017-01-01,70.70764858850255,70.7373381614105,48.34486914461845,48.01330189227302,12.004988212018382,12.301343556897097,103.5908858449886,103.48978823686662,76.31022329247088,76.04752315179212,26.962968912259694,27.024012852403935,4.904116525818405e-05,4.83742022090066e-05,0.0059,0.007970969805448242,0.047925416015059064,0.0416742926451603,0.045666666666666675,0.04728443328066745
2017-04-01,70.86398115985412,70.94992220819977,48.41930609451288,48.164051364711895,12.115617436725437,12.34747650618192,103.93797755676293,103.56257857598693,76.54558602909286,76.35934112260358,26.934846136391055,27.05406832527112,4.9445248531005805e-05,4.879102488752891e-05,0.0089,0.008853674338167916,0.0420023667871674,0.040775710852372984,0.044,0.046686879124878074
2017-07-01,71.2168952775754,71.15284629269225,48.54063170396588,48.30561138445906,12.266261233829265,12.3889795187327,104.03195556476466,103.60147092419113,76.78151409398019,76.67849584541062,27.023965700460142,27.08525626836844,4.962444228276141e-05,4.921769395504149e-05,0.010366666666666668,0.009715832706702336,0.041255157829223954,0.039607232304582185,0.043,0.046319000489610254
2017-10-01,71.73292341598304,71.34442998709287,48.91590024261497,48.436830710775574,12.398996579996973,12.425580347416572,104.6397662696097,103.60391601648764,77.04723674679582,77.00444247148889,27.084132975354745,27.117479035100295,4.9648044174638356e-05,4.965725081226239e-05,0.012066666666666668,0.010541307126528057,0.047499137102142486,0.03814693028414311,0.04133333333333334,0.046191044072254606
2018-01-01,72.12098007472088,71.52302090982704,49.00962957773674,48.55670003378407,12.666158019730238,12.456932240692478,104.74694660267103,103.56766951569627,77.21309316947564,77.33669231884738,27.19206379211729,27.150600180557195,4.9528936448541674e-05,5.011310367328074e-05,0.015599999999999998,0.01131436658434661,0.04579527159643093,0.03637390802686385,0.04033333333333333,0.046311182194895724
2018-04-01,72.45658670693417,71.68720099752402,49.143912973461475,48.66450784100655,12.6242424863649,12.48267509633097,105.00785560205752,103.49117542749278,77.58373108659069,77.67477557910857,27.228784309028057,27.184461769933996,4.9548619790834196e-05,5.058878238340781e-05,0.0184,0.012020233416572117,0.05276194092589925,0.03427311389781375,0.03933333333333334,0.046684551110406376
2018-07-01,72.66483956238693,71.83592211444643,49.346275008996,48.75982870813514,12.862573510157183,12.502583625827938,105.21917882824275,103.3736596827188,77.90325687716533,78.01813641051801,27.23218186953386,27.21893109589264,4.971960321228624e-05,5.108758159745692e-05,0.020399999999999995,0.012646808480503478,0.053499825965628967,0.031835384614293125,0.03766666666666667,0.04731255091612085
2018-10-01,72.72413472145487,71.96861806772203,49.35750424336658,48.84254321092538,12.9515116833819,12.516527554590008,105.13357513513827,103.2153387652729,78.26294284766767,78.36615172465729,27.224896996017026,27.25390256239078,4.965691693220282e-05,5.161226408388762e-05,0.02316666666666667,0.013185979987554244,0.0437904106755822,0.029063112410494852,0.03833333333333334,0.04819198719826275
2019-01-01,73.34054192738526,72.08524661974954,49.587369403567,48.91290685655864,13.104191366678803,12.524606795652366,105.2819901775513,103.01761639477164,78.92154068981766,78.7181147164537,27.350154865620617,27.289278353230433,5.025996799205642e-05,5.216483220105947e-05,0.023866666666666668,0.013634481893837654,0.037878612742816564,0.025972229796456407,0.03866666666666667,0.04931363686539982
2019-04-01,73.47723888648092,72.18624777721286,49.940421356098646,48.97150753629792,12.882387658388252,12.527197399833353,104.89415312262813,102.78311593398864,79.35433333379993,79.07324055516676,27.414418861174543,27.324941971290116,5.0518734998707194e-05,5.274611315196484e-05,0.023000000000000003,0.013995286084641397,0.0399871505562126,0.02258787384363095,0.03666666666666667,0.050662115167434234
2019-07-01,73.783132201895,72.27285466696844,50.16530926144947,49.01936458226332,12.878613731229963,12.525037420215924,105.34429520387928,102.5158731197205,79.6877040020388,79.43085812484433,27.411780072602664,27.360814420630604,5.117277407164145e-05,5.335574170212977e-05,0.019799999999999998,0.014277759560736188,0.03968752821897992,0.018942623112813108,0.036000000000000004,0.05221538299789396
2019-10-01,74.04948253826375,72.34711730967665,50.25475069967185,49.05810974553989,12.709561354945667,12.51908917000883,105.42876748408044,102.2212169820859,80.00359630852094,79.79046089194102,27.458356582047536,27.396872270431068,5.187853094422052e-05,5.399188748338149e-05,0.01576666666666667,0.014496897269089834,0.04000806966917736,0.015079930712742915,0.036000000000000004,0.05394265409499401
2020-01-01,73.2229874927304,72.41203744714569,49.39729926401431,49.09009477400614,12.48348968289154,12.510534899494514,103.94197242387517,101.90617648766694,80.56602190829778,80.15169467986789,27.33659554115564,27.43312387477482,5.302261921124621e-05,5.4651208063971484e-05,0.0111,0.014671145556944685,0.018833142683191584,0.011056215317851725,0.038000000000000006,0.05580300758257571
2020-04-01,66.53537588260544,72.47168570832439,44.64302678997114,49.11842099035484,10.664014390102794,12.500673843510787,90.21055731332785,101.57967352972506,80.8024933550974,80.51433299411842,27.2082704155327,27.469616119054773,6.027790348564355e-05,5.5328812725810346e-05,0.0014333333333333333,0.014819744377416589,-0.09656764146752639,0.006943475689418683,0.13066666666666668,0.057744308425671076
2020-07-01,71.37190425280227,72.53065303473298,48.5523361379493,49.14639000437327,12.434135686872366,12.490785073761502,97.42124814259687,101.25177610201614,80.54906564325557,80.8784057710248,27.79364357195527,27.50633554186586,6.222868216585588e-05,5.6018499599493555e-05,0.0011333333333333334,0.014959701717648294,-0.01664525708668707,0.0028185711683262568,0.08800000000000001,0.059703294709572946
