,gdp,gdp_trend,consumption,consumption_trend,investment,investment_trend,hours,hours_trend,capital,capital_trend,tfp,tfp_trend
1948-01-01,20.313927040596,19.8725708407288,13.023625839199005,12.921333252251795,3.608228974607748,3.4311412878506156,111.52944492681304,108.53441685951336,22.002581611607443,21.93837758457511,11.410093093081894,11.373074692012523
1948-04-01,20.60415904397287,20.087337576802312,13.163917364301339,13.013821880746322,3.805049582808698,3.45621915289451,111.2388303578245,108.69167850639946,22.159769601879063,22.082082102813104,11.563909003103246,11.458956059624558
1948-07-01,20.654626273344515,20.30470409859588,13.099600221613702,13.107037122748764,3.8850784157758715,3.4815898127640192,111.66173897061387,108.85101991973183,22.337248199994246,22.226768534600918,11.53143566316658,11.545509391339083
1948-10-01,20.644279800970388,20.52531220254945,13.101429618523857,13.20114477951364,3.779892923189738,3.507578118005314,110.44517094932533,109.01588253842735,22.564675947333306,22.37253381259013,11.566939147065323,11.632830029594121
1949-01-01,20.327437311240672,20.75005223563694,13.069369849487696,13.296310583416723,3.1884263240432915,3.534760904583,108.40094645929652,109.1914689816765,22.758792828653018,22.51954706792259,11.494052580302176,11.721007149018115
1949-04-01,20.20891512942158,20.97992817564481,13.28979833936401,13.392641431978573,2.699055073338103,3.5638998682876237,106.33491534691109,109.38390806592008,22.779791790410464,22.668102884731727,11.567127809162308,11.810090555929778
1949-07-01,20.35988180062833,21.21571432781065,13.265866866903835,13.49010199180675,2.9506977757734822,3.5955516534966687,104.91885352329975,109.59887993009319,22.67039991444908,22.81865416811183,11.775355175863712,11.899985975779414
1949-10-01,20.13148351412398,21.457716142550655,13.40841738606027,13.588590216496689,2.7871809697746244,3.6296649776604677,104.18967226061343,109.84017974760886,22.625291728688854,22.971736248241175,11.704316373836908,11.990440293481305
1950-01-01,20.861761376239766,21.705692551255037,13.588507523971177,13.687857462236744,3.4728249411662397,3.665736565822482,104.6962755950237,110.1086489847922,22.54001380433473,23.12780444597959,12.10670569726482,12.08111304093977
1950-04-01,21.439225658903645,21.958513407572,13.79204701527691,13.787532591179573,3.8606893273012908,3.7026333405453395,107.00187819746351,110.40151123663411,22.632801547411997,23.287105159671192,12.249279649618156,12.171469684925402
1950-07-01,22.21951765277344,22.21444243360836,14.457507754165425,13.8871703085068,4.228337010109548,3.7390500427656694,110.13984949501088,110.71248836242376,22.832070519997195,23.44951415406412,12.420644648966569,12.260976142550213
1950-10-01,22.70099076526363,22.471323689161846,14.044821197458546,13.986315386047766,4.856079979263337,3.7737287292887056,111.43795564711493,111.0330703820354,23.225211479746193,23.614482865306748,12.518481779723961,12.349132482642135
1951-01-01,23.074297672979995,22.72690381052178,14.366977956164062,14.084854274662579,4.435072298560696,3.805660166575862,113.62816301271461,111.35429105683012,23.76980777303104,23.781050277451296,12.462865012297506,12.43552617178893
1951-04-01,23.514620938305786,22.97897516829438,14.005444634654497,14.1827078330144,4.60485832975634,3.8344122181708378,114.74925460354193,111.66733465767933,24.16911725425449,23.94797898187205,12.546528105383915,12.519841459932671
1951-07-01,23.9911744758838,23.22545886181689,14.175197233760947,14.279972393118431,4.231816910766691,3.859918643344968,113.57735422633672,111.96470236145595,24.546916435479122,24.113989462375706,12.81672948135222,12.601773524895249
1951-10-01,23.997004298976492,23.464536047211677,14.255586082297157,14.376634569591515,3.8459562168431916,3.8825659682675155,113.40942266137108,112.24073132779205,24.77959979234417,24.27790665184423,12.789876854558266,12.681029025612574
1952-01-01,24.22737633061283,23.694809525358703,14.339614556595754,14.472614595562055,3.914139961233908,3.9029827401936594,114.00964506989621,112.4907200784348,24.929041384417523,24.438796792242567,12.841379243620725,12.75744506932773
1952-04-01,24.24656316177207,23.91518282874508,14.579502821546063,14.567754198890366,3.5597175686966924,3.921793248502917,113.38042992259827,112.71067268725749,25.084278310647363,24.59601835050535,12.869869252646696,12.83092659484879
1952-07-01,24.34286206592965,24.12487692013142,14.535039053908072,14.66180703258804,3.788128309176463,3.9396441116164858,113.83399818787841,112.89753195953031,25.09996820379118,24.749223935953573,12.884676232870078,12.901432528549055
1952-10-01,25.056755348471917,24.32331950600221,14.980282895987,14.75452866522064,3.9963870613324657,3.9569556729196482,116.48910368505273,113.04866779011604,25.166494906971927,24.898367337842885,13.053161275253725,12.968948735700268
1953-01-01,25.291222053180075,24.510082980689322,15.07252013798726,14.845588958751197,4.01962118012589,3.974058846729788,116.62939899926575,113.16205354756008,25.13861421755163,25.04362554242963,13.170109889233073,13.033453391695875
1953-04-01,25.431817094460264,24.68521091509152,15.123449224696074,14.934792676951037,4.032422083585151,3.9913152079868595,116.58206405521443,113.23781337415838,25.29270810400067,25.18535205303965,13.21851503497368,13.09498031343744
1953-07-01,25.23177645565402,24.849260413964984,15.072201868969973,15.022083876013372,3.9627533394681733,4.0091212275373955,115.16933881813898,113.27824645982282,25.444359755092194,25.323971578020398,13.191254552867717,13.15365267507998
1953-10-01,24.76586381522886,25.00329158312758,14.957691130646499,15.107525465477059,3.6218720338741566,4.027906346559054,112.96546796120882,113.2877507496622,25.543025421163172,25.4599885595106,13.093559600456976,13.209676102807505
1954-01-01,24.562253291082406,25.148649714608943,14.988937472683421,15.19121497575929,3.551454064849002,4.048079016315894,111.05661937303535,113.27192570695605,25.55131564950927,25.593996250586056,13.129069439055398,13.26328576109969
1954-04-01,24.52146664673963,25.28657512113052,15.107412166806924,15.273158373606192,3.521411174463615,4.069786489125055,109.91183740459012,113.23618581316617,25.559314354896056,25.726654283924198,13.194398396864962,13.314649144141645
1954-07-01,24.7377896643171,25.417971325276426,15.20364676289372,15.353234446491584,3.7310156479719576,4.09284556103808,109.21463118775607,113.18455417563642,25.567759227726672,25.85861000205839,13.364422554909677,13.363853065123655
1954-10-01,25.14196754566943,25.543278317717103,15.41555197123777,15.431215549908854,3.9083408499661103,4.116697457917328,110.22865386271219,113.11894789017224,25.61036075729675,25.990418607405584,13.493562205832198,13.410911062923596
1955-01-01,25.77902740866737,25.662516428108052,15.689226680233661,15.506776019979435,4.287549031358296,4.140531172343312,111.65696322985639,113.03876279689956,25.69553817196077,26.122462235141892,13.704235851038916,13.455838622615461
1955-04-01,26.10162830043213,25.77545740338883,15.88059792304885,15.579575697121987,4.50090422056169,4.163381737589351,112.69867320980609,112.94157493876051,25.858583784849195,26.254889176005072,13.761728841597355,13.498704615001675
1955-07-01,26.37058438479767,25.88194840169077,15.976717060491925,15.649384566923505,4.58165006127193,4.184354760827565,113.50977418869222,112.82410849343474,26.08203653052895,26.387578993032363,13.797261189909877,13.539734835075233
1955-10-01,26.454525131160345,25.982044505767217,16.016992020410218,15.716158882365463,4.774248559562267,4.202744966928604,114.56552486399569,112.68295965792055,26.329502156475957,26.520156720800724,13.712740320384555,13.579322662443513
1956-01-01,26.28237019349499,26.076112553636666,15.907388631664306,15.780060802593987,4.679948045601867,4.21807844553593,114.94884837958637,112.515181631164,26.617900362103093,26.652045917717825,13.54222324822369,13.618027189878665
1956-04-01,26.426474533139896,26.16482489519528,15.928644771736353,15.841445153452417,4.563500972046445,4.230218064843241,114.8870848634302,112.31902634436085,26.871404106542695,26.782538129847776,13.576117620132255,13.656497736814222
1956-07-01,26.325042380837957,26.248996791110443,15.87439888155235,15.900754035000391,4.566540759946552,4.23930791013707,114.09187666701699,112.0942785112326,27.08218197951199,26.910889998258497,13.548103492346645,13.695343316393423
1956-10-01,26.682186311817357,26.329621117218863,16.076946858449357,15.958492308217373,4.470277227540866,4.245701620497102,114.39142865639988,111.84232763169673,27.28864157157008,27.036400861128904,13.67213229055272,13.735129227998122
1957-01-01,26.783154334212266,26.407752968561706,16.071124064968338,16.015156479237692,4.4314475957623705,4.249958233313016,114.2015753546288,111.56580431582134,27.471187825208542,27.15846618183372,13.70667243364265,13.776334358920918
1957-04-01,26.646450006975122,26.484681464345897,16.042119754636225,16.07132492421209,4.397955575855964,4.252779949843478,113.62783175366411,111.26889947472031,27.62920391721567,27.27663085038415,13.653991726017738,13.819403887488042
1957-07-01,26.815654490490253,26.561945653120038,16.14844988243563,16.12761954825112,4.437062736701508,4.254984106038081,112.69034933656607,110.95739335491923,27.75875577797364,27.39063031629863,13.792287659102978,13.864745114342925
1957-10-01,26.436304912333863,26.641204082793802,16.165169363827452,16.184652646312248,3.955168811484466,4.257479720332063,109.92613434053857,110.63846131689046,27.8815735386265,27.500419121477673,13.797117347916664,13.912666742692013
1958-01-01,25.665983604841887,26.724294100966922,15.913634459597905,16.24305831283271,3.6631969156673203,4.261289670237161,107.0919351820496,110.3202688803801,27.896290506778406,27.606184256549646,13.621942084238343,13.963437043167179
1958-04-01,25.76685505692489,26.812947570096995,15.98596699616018,16.30346765928465,3.5521156161490954,4.267244881298229,105.25108983294965,110.01044453062629,27.85642927162299,27.708356609235533,13.837399907560672,14.017256400771554
1958-07-01,26.290756340760296,26.90824213084704,16.120155109630737,16.36631197536077,3.8961474346100893,4.27577929460247,106.22833286351565,109.71449545697045,27.785864034528927,27.80755736484064,14.046649649802585,14.074111936861803
1958-10-01,26.802362601083836,27.01060256857742,16.19355123529326,16.431827855475557,4.292251724933807,4.28684297940395,107.40565560380648,109.43484782986197,27.77386005053498,27.904511238900813,14.219915666407385,14.133877925554385
1959-01-01,27.2141861508896,27.120070942499176,16.501876609657746,16.500100197435685,4.434963661601091,4.3001400026727845,109.07875882910822,109.17170518992353,27.862792492403713,27.999940519730732,14.278082273555746,14.196410453450136
1959-04-01,27.726130203044374,27.23656260214552,16.73717114359148,16.571064881149912,4.741557483987099,4.3153777689226755,110.74332130061552,108.92400113136581,27.986064927636626,28.094495632608574,14.381940465747192,14.26161823443818
1959-07-01,27.646825052366456,27.360054792855706,16.888483345688527,16.6446585965752,4.402458612829168,4.332345779357581,110.02757298082014,108.69062685907831,28.18491518445986,28.18874962429838,14.365729564711156,14.329460607318437
1959-10-01,27.63876650031877,27.4908343112986,16.880353111040318,16.7209218466251,4.524057193858457,4.351088304161418,109.69774060650224,108.4716111434158,28.303492823185753,28.28321502406319,14.368466724740852,14.399972578226441
1960-01-01,28.06733403959037,27.6293774380055,16.880496024120372,16.800049249350923,4.990019531636568,4.37169605548731,109.63936040243053,108.26781471276482,28.345595022298642,28.378408864170503,14.588722571104677,14.473213502324692
1960-04-01,27.83866158251342,27.77626753012601,17.09216028499227,16.882339988598783,4.4811045856261345,4.394370437411578,109.50941104917584,108.08085660439939,28.615286822904594,28.474867901380613,14.433107701856763,14.549224811947873
1960-07-01,27.884537182542648,27.93237974628472,16.97417870156589,16.96815069166619,4.414525311794791,4.419684657246279,108.54249453607112,107.91320045683524,28.73796451749243,28.57311555845691,14.518717178123902,14.62812225535629
1960-10-01,27.430692962384345,28.098654078972466,16.961422936572152,17.057978078487068,3.8573293252306136,4.44828286149561,107.15492516805301,107.76818797591032,28.830535982129522,28.673770742339446,14.386154304037314,14.709951217692675
1961-01-01,27.515598915079785,28.276029496328324,16.888466342529032,17.152334729464386,3.956965846570431,4.480827875177533,106.16422400398542,107.6495465257205,28.777350505034043,28.77756480444396,14.527458378792812,14.794689465031695
1961-04-01,27.89188839470731,28.465048720899976,17.042797568199457,17.251685353556915,4.22275594074655,4.517607029279672,105.57730413845225,107.56062061268105,28.76294784789519,28.885338633501792,14.781878785976419,14.882107930439581
1961-07-01,28.34041700419269,28.66578923987914,17.090799546702435,17.356339691625394,4.5389978803837945,4.558571650745076,105.87144902501309,107.50383268503455,28.81969438725037,28.99794650584945,14.9821097566549,14.9718020692757
1961-10-01,28.850034533819407,28.877971938436097,17.37092950676447,17.466484738815254,4.617649237808333,4.603485378363367,107.05501038230886,107.48037707277092,28.99623955949821,29.11618021769167,15.109374166543363,15.063294177216365
1962-01-01,29.31812570306354,29.101109074002572,17.512606623444963,17.582145631419696,4.840543658475915,4.652096691574431,107.27771313638334,107.4904493262236,29.186630985848673,29.24073386963552,15.29871342923533,15.15610136216127
1962-04-01,29.475814619816767,29.33468589473391,17.697193355769503,17.70329014457575,4.7479173181426,4.7041574279951615,108.15462613899425,107.53400980682967,29.3646069403468,29.37224034306151,15.267302449223259,15.249757778420811
1962-07-01,29.70184068338555,29.578312856774154,17.76827746832227,17.829843409562454,4.787197745717554,4.759529883956295,107.43792376041057,107.61091688860296,29.48716277562298,29.511313007031855,15.428498028212017,15.343875691851567
1962-10-01,29.63243263266465,29.83168020781576,17.9367493915413,17.961726633183467,4.596153495555786,4.818100165649473,106.16105830674978,107.72144700688428,29.584127572032035,29.65857586398593,15.494715517973471,15.43806876897682
1963-01-01,29.80899995195438,30.094548306055046,17.94676602616386,18.09882132156558,4.78005989687549,4.879768056285039,106.28053290507091,107.86580036651276,29.651232375682365,29.814654545607624,15.563303953424718,15.531994575054382
1963-04-01,30.01373788403224,30.366543464620513,18.035017902142894,18.24099090726908,4.844599867744568,4.944283398056215,106.49352147599289,108.04322417867928,29.77884328878072,29.980145797303102,15.626314099850731,15.625338266421867
1963-07-01,30.54710479764223,30.647096672050058,18.267950211938555,18.387998630962528,4.958683341129639,5.011318217977192,106.34162030758085,108.25198906350364,29.924276207219656,30.155561636316897,15.891647499642142,15.71779755095306
1963-10-01,30.619061204238786,30.93539188452958,18.263098647963773,18.53946917382337,5.018865016899387,5.080461400350978,106.72264533622126,108.4893998337442,30.089529968297708,30.341304367809236,15.861489816880038,15.80906413331033
1964-01-01,31.132363687895012,31.23051765879585,18.57195048053479,18.694938517324005,5.13467271313351,5.151243913631448,108.31990629489687,108.75155024812345,30.264316883699003,30.53764557773753,15.940068550113564,15.89893261607731
1964-04-01,31.345984068768498,31.53132368360653,18.82290608370092,18.85374987505225,5.104505944403582,5.223129326249019,108.35501026499816,109.0333946255509,30.468196472442628,30.744710094211317,16.008401702590387,15.987226958499628
1964-07-01,31.698189051634373,31.836550738314497,19.074034662117292,19.015145101428,5.1590156092351815,5.295539343959422,108.5834007207245,109.3295743503052,30.647653003491413,30.962458213332855,16.132937943991138,16.073794257741714
1964-10-01,31.657380912759873,32.144770423330975,19.021468017499195,19.178319672611465,5.2201249168211135,5.367785917387825,109.16226573880219,109.63425081325121,30.831539908182627,31.19067851547711,16.022998035816485,16.158492876444075
1965-01-01,32.28731152424151,32.45440908302837,19.329069675522568,19.342478087634323,5.692056137450467,5.439055183755444,110.3996597232383,109.94105188158153,31.030715557331483,31.42895734476817,16.1860174738304,16.241216788865337
1965-04-01,32.56308109566769,32.76351887276095,19.472177629927693,19.506697035767957,5.665921080055454,5.508396406976289,111.04412750375623,110.24323701774593,31.34437468643298,31.67664283876184,16.20547498920244,16.321773293213603
1965-07-01,33.17835881623984,33.069971915050715,19.739211359740708,19.67001339644681,5.810882991669638,5.5749739586218015,110.9419072244022,110.53427963529117,31.663439298608765,31.932810590697567,16.46310266832044,16.39993248219214
1965-10-01,33.82856692634292,33.37143607258984,20.149082076666,19.831410742302385,5.862016517997788,5.638019602585153,111.62280463570815,110.80808861193614,32.00684632143194,32.19629532212461,16.65610542321511,16.475388110656652
1966-01-01,34.55998377146057,33.66556975110919,20.418748640097558,19.989885170728762,6.262833635165287,5.696889521385221,112.92910975769534,111.05877556523764,32.372264835176594,32.46572142954475,16.821061065548726,16.547870022845753
1966-04-01,34.58046348746466,33.95024842122871,20.41322200666208,20.14460413147215,6.164531946610749,5.751067455900557,113.71956985364523,111.28092202040109,32.82140408857789,32.73954562652557,16.67428403057372,16.617218861304554
1966-07-01,34.77369890457325,34.22385193625123,20.54637463879747,20.294983266821074,6.075102717225727,5.8003774222191815,113.92746687161454,111.4702505918918,33.22887854954293,33.016111737028695,16.67539723216531,16.683445775874233
1966-10-01,34.95517320210047,34.485123541042604,20.55693155593213,20.44059576662958,6.118294192732484,5.844908229623765,113.28613509952507,111.62399512239605,33.59552230728383,33.29375834246623,16.759549868683237,16.746600412152755
1967-01-01,35.14796422326706,34.73313608785342,20.58144240017142,20.58116739066741,5.946096069143648,5.884937791974018,112.7799767387781,111.7409303868576,33.949166787981305,33.57090234450304,16.83927767557789,16.806730415465893
1967-04-01,35.03761538105913,34.96725546633061,20.777763234973225,20.716496680418047,5.674432735188722,5.92093488673826,111.66991891490471,111.8208953579207,34.23297014403849,33.84609936322588,16.845530102335157,16.863894450173653
1967-07-01,35.196270167710914,35.187116351686846,20.775136305761357,20.846384053797824,5.810295318607807,5.953429592848109,111.48914812216182,111.86441265715071,34.39848417114312,34.11809856883351,16.911065551598615,16.91817449559714
1967-10-01,35.30073933719955,35.39241362339701,20.755347631276052,20.97067072177204,5.913353125236716,5.982813201901916,111.4892960395671,111.87194740697477,34.605039136822626,34.385856670124035,16.9257430356266,16.969643948511838
1968-01-01,35.88028561507033,35.582865523743074,21.15984672587729,21.08915612239278,6.0085936303772,6.009399829996548,111.25046443552318,111.84376502272875,34.852270495062555,34.648479754413415,17.184745261684807,17.018374410104265
1968-04-01,36.358070601235184,35.75815068824001,21.402660951071308,21.201505606552526,6.184939182541038,6.033470230540084,111.93887329316566,111.77992565590516,35.13214591947997,34.90519133358708,17.2954099786876,17.064412335735483
1968-07-01,36.48988998921317,35.91815253495367,21.726111009358537,21.307429442980837,5.974659420177923,6.055313180199928,112.26519769364613,111.68015224666661,35.42184157620616,35.155327934521175,17.2755780061971,17.107910265404644
1968-10-01,36.45960652384967,36.06315123713835,21.655770152023706,21.406766271176807,6.054818905172436,6.075318932402627,112.42484191212966,111.54430244035846,35.62468933439128,35.39835850378269,17.210872483964742,17.1491678228367
1969-01-01,36.865628825455175,36.19381131832719,21.785465001994602,21.499621154213024,6.397820701295298,6.093834085097813,112.96606222130382,111.37263354233258,35.85006578555464,35.63391422345971,17.3100468238204,17.18859344928125
1969-04-01,36.826734305492124,36.31107549865555,21.837820582491172,21.58626466223045,6.303889294542135,6.111198060712116,113.54984758640292,111.16598298378429,36.16736052847666,35.86176842311968,17.18087733402314,17.226638843422148
1969-07-01,36.91216287279523,36.41633503391099,21.812292991756806,21.667157562976666,6.363642027761393,6.12794154213065,113.60934505235309,110.92620145699871,36.44236392671677,36.081834243222914,17.16929026182495,17.263836200352234
1969-10-01,36.555636634299695,36.51133354561958,21.852316017224453,21.74293100239834,6.041495322200713,6.14472068945394,112.7193445347465,110.65662338073867,36.70216269138993,36.29422426650457,17.048161535015534,17.300693816509465
1970-01-01,36.31198207924098,36.59815304132522,21.820523591823946,21.814320850702252,5.8071882070847,6.162344312236402,111.68680278630343,110.3622271365521,36.85931102297531,36.49928920375903,17.01067306516252,17.337664917300152
1970-04-01,36.1701150921456,36.678930441966266,21.740869647188525,21.882144960661055,5.8100921261260785,6.181565251633347,109.62843495925915,110.0492296951734,36.94692400163245,36.6976519598966,17.136087695427708,17.375046943060877
1970-07-01,36.29703819210989,36.75564552452773,21.83993789642768,21.94723783724006,5.8120232231956805,6.202916439273077,108.45624647135388,109.72460953854197,37.01898309986159,36.89018211231287,17.3049928199902,17.412932691459847
1970-10-01,35.698269909672085,36.82997528286195,21.648385426011046,22.010356462131302,5.468294648319192,6.226698642927432,106.99714255176427,109.39500810383846,37.083331638390945,37.07792986397441,17.15959235364669,17.451264739544584
1971-01-01,36.463813175051925,36.903321628833574,21.817011419673427,22.072199880540595,6.087013835637096,6.252965161289307,106.90276330292612,109.06619717935672,37.06936650140641,37.26205207990797,17.5399457189875,17.489917199090605
1971-04-01,36.45262220331931,36.97637667326683,21.85462493385723,22.13324611202449,6.220997920694022,6.281262779051383,106.64295935171582,108.7423734722685,37.20547814152493,37.44373483829414,17.539803182385427,17.52857841741047
1971-07-01,36.55047999674933,37.04956063992656,21.899065646486793,22.193817402678107,6.271099316180761,6.311025785366701,106.05489197638845,108.4263263937525,37.37591643403858,37.62406719100412,17.622002293229812,17.566965342632184
1971-10-01,36.42983852631038,37.12296609766092,22.089306474048684,22.254063445177362,6.072501814121827,6.341640433069195,106.58791100852957,108.11949631480029,37.54736298448302,37.80400931804391,17.478676687598284,17.604799503194975
1972-01-01,36.68401567785023,37.196371056797254,22.027776505060565,22.31394916407458,6.3485001742067615,6.372456037750949,106.57838034397513,107.82181839717785,37.45234835976372,37.98438313341391,17.617267597116243,17.641834581580838
1972-04-01,37.31991351205991,37.269112745511876,22.319528492207045,22.3733352492547,6.683740477466017,6.402635697458459,106.7893643279889,107.53227116720316,37.655730244530424,38.165863909894576,17.865732493010952,17.67774287610064
1972-07-01,37.473150793469145,37.34019954863711,22.52626592706035,22.431900010801726,6.768051163946457,6.431311693848027,106.82575439835718,107.24906785515424,37.93325570216639,38.34880174662561,17.889082414329373,17.712178820169004
1972-10-01,37.91864599391338,37.408664339989954,22.84134290770413,22.489284675457725,6.8399735604911625,6.457775213490493,107.43069685529834,106.96997777059903,38.24147480042347,38.5332293074132,17.984423442039382,17.74491185049247
1973-01-01,38.65790775312197,37.47361667234174,23.15301345322281,22.545186187635398,7.137045273954587,6.481514798757494,108.48796290327041,106.69252997995407,38.54223013715582,38.718916116562816,18.168819736816516,17.775820630475625
1973-04-01,38.877864603223344,37.534478522972385,23.112097997473285,22.599518241686383,7.37462596029675,6.502248658461163,109.0653423603234,106.41456499390948,38.90529233406856,38.905442317709415,18.14960762655702,17.804932782901716
1973-07-01,38.473936434689826,37.59140047737629,23.046103606695517,22.65257077500919,7.0928570643711035,6.520088357037496,109.23626321230134,106.13505280005886,39.31429634086636,39.09226810531454,17.87721148966188,17.832520448801475
1973-10-01,38.643995339150244,37.64536280075868,22.875253527557263,22.704955066387726,7.3518635192452555,6.535665234493421,109.22698072228616,105.8546021696298,39.642228632902,39.2788431746565,17.905090509750085,17.859071963242222
1974-01-01,38.115040955018664,37.6978991152544,22.795989929292663,22.75753321030791,6.859260174616544,6.549964435405581,108.20200385263634,105.5757160140655,40.02013101521507,39.464746505315766,17.70966072913477,17.885106838995064
1974-04-01,38.01201553099203,37.75116974302152,22.866545642163913,22.811281874158492,6.891375871312821,6.564463938225531,107.93797024426472,105.3029349863243,40.262911031593966,39.649777563830504,17.65245457707979,17.91117654005839
1974-07-01,37.46479331143855,37.80760735343688,22.797331028783578,22.86721117545045,6.508510774636379,6.580844892624434,107.02192597564783,105.04236645965715,40.508177942180446,39.834080340396596,17.457834515855346,17.937725250182044
1974-10-01,37.13285691723706,37.869822650159996,22.26280602503803,22.92637618872189,6.530635728942218,6.601006771097963,104.72668262103464,104.80167880784931,40.649285653361524,40.0181856856478,17.527373548524533,17.965036437186438
1975-01-01,36.50392463735037,37.940229447765724,22.252920900152727,22.98979987185845,5.51824733648607,6.6268312217226395,100.94389315391456,104.58969847222436,40.79731192423374,40.20305618640935,17.62506630265293,17.993090400336907
1975-04-01,36.591207595869804,38.02079670805224,22.452475721167023,23.05809497608005,5.389066445459011,6.660196039510063,99.54159509349674,104.41515193992369,40.69276645706078,40.39006731959811,17.84460770057041,18.02158958863049
1975-07-01,37.006923072373894,38.11259764365082,22.665165798742184,23.131412989866092,5.739750349983612,6.702270623686933,99.87877306650745,104.28442818778547,40.520887405945885,40.580992349696764,18.03441426544684,18.050001463839642
1975-10-01,37.32150822154729,38.215809175172375,22.798024068550436,23.209523923936857,5.851607869930395,6.753388604183705,101.10193719219285,104.20082027805336,40.47374180868531,40.77782863229974,18.051742342254762,18.07767862734005
1976-01-01,37.97805656865141,38.32991418070187,23.154325633744566,23.291900730795835,6.355200117859028,6.81326473535547,102.27697734805822,104.16486082458634,40.461983627500544,40.98257528782764,18.23370305021506,18.103960004218557
1976-04-01,38.08588637728438,38.453828847274025,23.224525678224964,23.37774943398566,6.626887316667794,6.881015482858415,101.85874077676273,104.17518061660608,40.58729029201469,41.1970810312782,18.31440970795748,18.12816468024135
1976-07-01,38.109877979497846,38.5862399099037,23.408745059473382,23.466178691566885,6.632046144255836,6.9554409326899105,101.77323241705531,104.22928130947815,40.76236988118,41.42290600683668,18.308350371605243,18.149689727544708
1976-10-01,38.216991350544504,38.72558838530703,23.55936634710823,23.556187451056644,6.671223312071952,7.03513699223608,101.87087893868664,104.32325051278768,40.94833709210728,41.66126153138029,18.319159339049605,18.168046494422672
1977-01-01,38.499281961517816,38.86999422854073,23.77760171559759,23.646723223380114,6.975488764929927,7.118429473313455,102.49889780673529,104.45165370667104,41.139914346350814,41.912972285943944,18.35089472397323,18.18284481037136
1977-04-01,39.06481457831041,39.01722856818714,23.865173903157338,23.73671928493959,7.404839142010322,7.203326655112758,103.96927536593088,104.60751188318314,41.387310506542455,42.178435264611544,18.410189526610523,18.193789404288545
1977-07-01,39.57535679687239,39.16479458326823,24.04077113028066,23.825174899095316,7.736469056587435,7.287647882173462,104.57007191338816,104.78259359806263,41.72416805515835,42.45757108423891,18.52842951416826,18.200691300194272
1977-10-01,39.400699292920635,39.31018754508618,24.118157173577433,23.911155459348137,7.68798528404547,7.369237306476883,105.12853199559665,104.96822438839982,42.149818097400484,42.74979936423141,18.31771587175342,18.203498385114376
1978-01-01,39.35722558753537,39.45112303995807,24.193180091557423,23.993848902148407,7.768654927561236,7.446125607949868,105.16579049591543,105.15553999099322,42.554846358954975,43.05406062671447,18.232162077397867,18.20236429061686
1978-04-01,40.70235925289856,39.58534244362221,24.63796803105474,24.07256322089749,8.214791533086906,7.516472737608933,107.76547274848289,105.33571417805233,42.96402818192063,43.368886134664606,18.49632065881246,18.197516377250853
1978-07-01,40.924205272361256,39.71050085966135,24.64312253436105,24.1467244657747,8.413078583873496,7.578591449182207,108.17423030565332,105.49986771081475,43.45889247094039,43.69244782673287,18.4772153961288,18.189202727393393
1978-10-01,41.28068525676538,39.82492267968182,24.688157983006683,24.216105902821884,8.59554226776693,7.631193510853187,108.9756144462591,105.64057738472306,43.98095314846871,44.02260543579575,18.47159883077532,18.177858087094286
1979-01-01,41.17056954071543,39.92767325813479,24.721488098111912,24.280790269769128,8.567945191238076,7.673495367583747,109.2630335522478,105.75204831593051,44.537757092593075,44.35700458666282,18.310011419946278,18.164096148152666
1979-04-01,41.04106446466939,40.018717048056544,24.670360813702942,24.341158118316038,8.541508693823841,7.705313943014165,109.14762938138603,105.83053887039041,45.07988754620991,44.69319160769183,18.187776267599133,18.14871173404711
1979-07-01,41.15695691294009,40.09879757800882,24.86895002310721,24.39787089456365,8.418201613754595,7.727041391337265,109.65204419841137,105.87448650343536,45.5799485733728,45.028751952792,18.114477616354186,18.13258827728924
1979-10-01,41.04782485524873,40.16930774868195,24.9407139768142,24.45180367385061,8.256256616957996,7.739615134973368,109.31681551738617,105.88440144362542,46.00378522355737,45.36144308957643,18.04388886244197,18.11663063362996
1980-01-01,41.00254723194048,40.23231324599599,25.018878545102822,24.504133555666275,8.150445293331801,7.744428960187581,108.57944106271451,105.8631468565305,46.41401596864355,45.689305770632515,18.04728887843326,18.101729205119437
1980-04-01,40.00053063457557,40.29044290713881,24.376562043305796,24.55635223083202,7.425606629180483,7.743219423280156,106.17781233559782,105.81572272519354,46.79926232810605,46.010732730211586,17.812481349714336,18.08872609980865
1980-07-01,39.78850735645754,40.34682173754649,24.567909351677038,24.610284036584254,6.89594026131743,7.737986277464504,105.24678361259774,105.74881665500236,46.97942597730984,46.32453346605661,17.795839658107983,18.078427423237446
1980-10-01,40.390017196911685,40.404410709774446,24.782451771168795,24.66765625915337,7.460572202646033,7.730530374802935,106.29951813019025,105.6693386557686,47.05331982208765,46.62998829689819,17.93851038454373,18.07146462160725
1981-01-01,41.03877373674659,40.465835449399435,24.770521199207124,24.73018660331582,8.136030951812986,7.722092963074046,106.53384151096992,105.58387060084942,47.2652107807113,46.92677943719758,18.171976181620764,18.068291881460006
1981-04-01,40.60124087461649,40.533729235177645,24.61757029078539,24.79968452187842,7.829290751429154,7.713739410023267,106.26503184407785,105.49936737437815,47.6461095802511,47.214857253425,17.957266639918323,18.06928187800232
1981-07-01,40.948523408786095,40.611102163548026,24.590885548748915,24.8780096848642,8.191904939838215,7.7067821197872135,105.82085679356972,105.42335215622798,47.933043222469045,47.494393625080455,18.12211751103942,18.07487472191762
1981-10-01,40.36511724116487,40.70103484461895,24.292351676157054,24.966937728609647,7.915926640057227,7.702600841319072,104.99234109559595,105.36380399104893,48.300196188246446,47.76584487143641,17.907539898148496,18.085444082192918
1982-01-01,39.620805845493905,40.806855690983035,24.372353007673322,25.068098782064336,7.118962531070525,7.702868455124453,102.89136160304693,105.32893741409508,48.60643538909955,48.02996181307888,17.7704516006279,18.10139793823096
1982-04-01,39.68057922814166,40.9317311226479,24.29020862713822,25.182732968348873,7.0694547018968565,7.709395842239135,103.0608342512758,105.32673767725018,48.6992541865567,48.287854560557854,17.766365595333234,18.123038285325073
1982-07-01,39.4143322115065,41.078131534978425,24.41992467681492,25.311675657313245,6.942558062520941,7.723632223294721,102.01730802902847,105.36367348880052,48.78300508878996,48.541024543806486,17.753600659930605,18.15046435471225
1982-10-01,39.310570807336475,41.247791461875195,24.78807946072503,25.45522510461554,6.345519310708346,7.746638365517566,100.75212053755918,105.44482859315235,48.826254009679,48.79126730711132,17.845540485776365,18.183555449846367
1983-01-01,39.72279014740822,41.44143717621606,24.983487539586097,25.613132455461557,6.467423333810951,7.778996496490821,101.11195973979574,105.57322429965004,48.737992451599645,49.040570217724856,18.00232945057574,18.221943420833746
1983-04-01,40.521432920075895,41.65859205736174,25.469215519873906,25.78473356915782,6.949545401755801,7.820354734918954,102.03159758143283,105.74894819155571,48.6853523161089,49.29098448333675,18.263420236572255,18.265047419415065
1983-07-01,41.21449046391279,41.89769437242289,25.91722720821596,25.968958681234874,7.2869693989925475,7.869475387547264,103.79217520074333,105.9692913797662,48.74397152699057,49.5444119122764,18.36263037346369,18.312146020330044
1983-10-01,41.953946166841924,42.15644599697461,26.230113601698736,26.1645186750587,7.943630548741129,7.924527616811598,105.43897147853576,106.22920358585885,48.88256745487401,49.802408654979466,18.483424348130875,18.36251199137653
1984-01-01,42.59706853841508,42.432077579476825,26.357552951468048,26.370061543086088,8.62035908130067,7.983258784542315,107.02341619072658,106.52224887123059,49.116849938369434,50.06605370958701,18.554620860355993,18.415443521608953
1984-04-01,43.22310990778903,42.72163304855227,26.68970315651284,26.58423989808044,8.827597899349332,8.043366473805003,108.14037212750702,106.84145427188486,49.59129024300082,50.33586273138395,18.637870285667894,18.470307496898336
1984-07-01,43.52390868064879,43.02218803055598,26.785418502469334,26.80565751870847,8.939246580052542,8.102868173149577,108.30862696357717,107.18009795483525,50.09492993001789,50.611757429249906,18.682429933669336,18.526550972999175
1984-10-01,43.74744266114851,43.33105534890538,27.014749816743787,27.03293947978629,8.770903794222688,8.16019719477337,108.67051618356828,107.53219591077323,50.59038468657725,50.89318409542631,18.673276486471423,18.583719394677964
1985-01-01,44.07460316254208,43.64578755951522,27.464868188045067,27.264650971635955,8.438075861344547,8.214248888527795,109.29541610205979,107.89239664624888,51.06946837344019,51.17924846330243,18.681207821467652,18.641450281940347
1985-04-01,44.35678159068714,43.96412811822219,27.69675198108065,27.499295323297098,8.54151288421835,8.26426689959364,109.76842796952131,108.25599090088924,51.43976344885836,51.46884398708577,18.700763011082536,18.699432835183064
1985-07-01,44.916419334391904,44.28402412233475,28.199878698299823,27.735449935945375,8.418112487403759,8.309623201747804,109.78839778224929,108.6190830600255,51.81108587659087,51.76076920116889,18.886860348694135,18.757377345397668
1985-10-01,45.117032822381034,44.60361007546714,28.216838128654757,27.971767619735562,8.726215056952778,8.349857255130186,110.01526278291006,108.97867014990419,52.12172275740627,52.05377656033711,18.906181690993918,18.814991345163467
1986-01-01,45.31404163990777,44.92136492976122,28.38374261871337,28.20714806833875,8.679602149533649,8.384578174701105,109.30135884208978,109.33244162969484,52.39457474960285,52.346621791060336,19.034446294090227,18.87205995301991
1986-04-01,45.392633151329946,45.236049242383835,28.47643876039167,28.44061010163977,8.540936299252413,8.413632216600497,108.71187076810453,109.67870727083567,52.76084072370834,52.638075619224395,19.088004279658897,18.928422971923723
1986-07-01,45.69724248094757,45.546639122074104,28.93177471356184,28.671254075835062,8.289488150588806,8.437058210087345,108.9522779449829,110.0157380877182,53.07459657592167,52.92691228195721,19.14874514439458,18.984020091089963
1986-10-01,45.80805374267695,45.852185155887156,29.04104209026456,28.898177170253504,8.281742432083929,8.45498685841521,109.45000195940607,110.34117631262437,53.31099459593137,53.211957844584184,19.10864920230464,19.038890364896904
1987-01-01,45.988376066791744,46.15181221269018,29.05599006982447,29.120617002763364,8.4844484756295,8.46746796967041,110.42307787448296,110.65196890569501,53.50648869953619,53.49210826989796,19.0493951097944,19.093176569666117
1987-04-01,46.35053564631939,46.44459979737373,29.44626916394302,29.33788361282344,8.434513680327576,8.474452835405554,110.71131465730323,110.94447256753547,53.77887616516595,53.76630161625267,19.132870172511378,19.147067016092024
1987-07-01,46.62769072309608,46.729506859303996,29.75812631798994,29.54923183037825,8.366695753719455,8.475913948103752,111.1787905380415,111.21487102247886,54.04051102868139,54.03346697996345,19.162056280123867,19.2007246841761
1987-10-01,47.31160296492818,47.00541476646767,29.767385258017416,29.753970964603113,8.941402971046482,8.471809558417945,112.06641633307852,111.45917765865504,54.288007025938086,54.29252477656518,19.311966906340935,19.254305508467116
1988-01-01,47.427330611886305,47.27112285088145,30.212686965440916,29.951531401471144,8.493562535274553,8.462040309575553,111.86975966651949,111.67336642400929,54.656073844402016,54.542384845533604,19.3355374165025,19.307942864405476
1988-04-01,47.94025110834024,47.5256064713415,30.40551002292495,30.14134604380848,8.632187361903013,8.446803361658379,113.20037504266043,111.85378402959984,54.92359541379558,54.78194088654858,19.361893688299787,19.361807809680972
1988-07-01,48.10322589593293,47.767929160248336,30.612007953364248,30.32300781111474,8.577529247648638,8.426325006357098,113.2142163448979,111.99690639404382,55.20825997331871,55.01014670920184,19.391054599588347,19.416090643579285
1988-10-01,48.6352561245264,47.99740894059366,30.936087695135754,30.496276506027648,8.671806188928574,8.400953617755368,114.23202388413722,112.10006587154656,55.48131952196182,55.226036982192035,19.458169963403435,19.47098385397839
1989-01-01,48.99286858471452,48.21357543827996,31.02625448950543,30.661098772442003,8.938383422905618,8.371135771543582,115.0448383880483,112.16138438537227,55.73701978103203,55.42876606455452,19.479741686766907,19.526666367692812
1989-04-01,49.259262007621565,48.41636373864875,31.19057350882122,30.817706272186847,8.78595305749785,8.337485173545103,115.23087136684211,112.18034645008898,56.08515178826136,55.61764755263902,19.52251033585705,19.583311126739414
1989-07-01,49.51156283895702,48.60620927937141,31.377617659161196,30.966574263900462,8.66253381591998,8.30095237163323,115.22104106311563,112.15826324282597,56.378032962077285,55.792191255018324,19.587850100345914,19.641063595508495
1989-10-01,49.4990406816603,48.784093986122194,31.468033934611846,31.108429669033075,8.576571699090094,8.262746288669321,114.96385826727204,112.09837065606825,56.633232898361584,55.952206299178314,19.580384623116117,19.700032745891622
1990-01-01,49.64091904518662,48.951590430963,31.59622362233617,31.24427748338131,8.544437614957472,8.224275020478666,114.37989699804199,112.0058241955832,56.530899411562025,56.097878767468146,19.71408930019039,19.760295454422952
1990-04-01,49.71635217467033,49.110748543658715,31.559900534199397,31.375371264114452,8.464419442103537,8.1871118604154,113.63893538322681,111.88755935225488,56.75836341041897,56.229834357768226,19.799782824792665,19.82185418532053
1990-07-01,49.63474803035912,49.264081895382226,31.741696294532378,31.503210081836944,8.258146859938021,8.152996642694234,112.77749873664264,111.7519688816268,56.946522214093164,56.348986944078426,19.842298402730354,19.884682457369916
1990-10-01,49.050215020132434,49.41451772999473,31.595371206064517,31.629435705689414,7.739357165667405,8.12381138396036,111.9932612775123,111.6084998713845,57.05391188176258,56.45659829299992,19.684779829817426,19.94873967050057
1991-01-01,48.71637177618935,49.56525287992115,31.26765879815302,31.75586699201349,7.463184538507333,8.101482451130869,110.65184956157627,111.46719134796342,57.061162099566445,56.554320934687375,19.703657807769012,20.013958103284942
1991-04-01,48.997126860070324,49.71929364967221,31.40406710235511,31.884330735634382,7.409640843560116,8.087683800860512,109.74953206017621,111.33827170129994,57.005908423400605,56.64419772227807,19.92971987135803,20.080102050932197
1991-07-01,49.12508408861468,49.87914550122101,31.451684690270937,32.01637342205039,7.5000500604412,8.083686606709449,109.34758344215993,111.23141431494597,56.91505297037806,56.72860505963946,20.040664062320182,20.146735965579236
1991-10-01,49.159726282049164,50.04688957329684,31.389452096951683,32.15326263217756,7.680843313021281,8.090349348514517,108.86582815590361,111.1552668587957,56.83128648681474,56.81016188007069,20.122807992888088,20.213323528086537
1992-01-01,49.63855172044756,50.22415920638267,31.987223702067787,32.29592952160073,7.464128367186865,8.108193599174225,107.9700206102869,111.11728816199653,56.827048767938535,56.891619788185956,20.428760711203726,20.279254407326935
1992-04-01,50.06432700867202,50.412051079993084,32.152363048508796,32.444835963481616,7.83823618068742,8.137526162349582,108.15113794395215,111.12351599088083,56.76681257088326,56.9757596031128,20.58919508717606,20.343853333249122
1992-07-01,50.42354514719313,50.611312106738026,32.45782174697476,32.60025874501284,7.864276247938576,8.178282342668604,108.03955181510577,111.17804119179848,56.77700733451064,57.06533832585402,20.749540061048727,20.4065304350121
1992-10-01,50.794158387440774,50.82248670144778,32.747688111320876,32.762296796472285,8.04368717291823,8.230249572160362,108.39368273531387,111.28313645516354,56.77214517632967,57.16300010249596,20.858261389933723,20.466842559721123
1993-01-01,50.75020880272915,51.046015796383635,32.80186333561175,32.93096314786709,8.173695397572542,8.293049830988666,109.08218906071107,111.43915538581382,56.84225856554273,57.271228477938394,20.745654718740695,20.524556113271878
1993-04-01,50.92833427465796,51.28233651833818,33.04934442615104,33.10626401321242,8.186296333186915,8.366211674936698,110.08337468899609,111.64468676642254,56.954764600039645,57.39228442003664,20.68088396856584,20.57967972004495
1993-07-01,51.03649362092247,51.53171344942595,33.27624697793806,33.28812602173037,8.126656087645822,8.449202698865943,110.43327221792687,111.8968798435005,57.048377434909064,57.52818487294406,20.670214764434846,20.632361497981332
1993-10-01,51.584356395737004,51.794198673301125,33.48365332856866,33.47643999775599,8.481082113830452,8.54137951786866,111.16152312575693,112.19192936050165,57.112534897197456,57.680699791215886,20.794853782470195,20.68281562189456
1994-01-01,51.961779347789744,52.0695374384063,33.74630600863153,33.67108836724221,8.77518619484978,8.641880502547211,111.57624999603033,112.52511327788906,57.28919331920974,57.85132740562019,20.87378459133283,20.731283069076852
1994-04-01,52.549273772462094,52.35734250229389,33.95876331761195,33.871956737301765,9.17244813838139,8.749778444657514,113.14660603156548,112.89104114320347,57.54162954786638,58.04123923023813,20.886719935230005,20.7780780089966
1994-07-01,52.71424969337011,52.65715488328543,34.17482839650548,34.0789766510144,9.000727633999972,8.86419268089465,114.17177894066238,113.28368084949302,57.858083688887554,58.25128317382648,20.789865969568382,20.823607187443148
1994-10-01,53.16947997796656,52.96863040720051,34.4230592048075,34.29213379481338,9.325274121787091,8.984465100536482,114.31889385607646,113.69709526559026,58.11463600042067,58.482021185497494,20.919439604718708,20.86834931861611
1995-01-01,53.28270548599238,53.29145634989979,34.442141924151926,34.511474903204096,9.40370329368184,9.109989892755292,114.69944626602917,114.12582796379101,58.52328706089693,58.733793874373504,20.86751027161041,20.912766237977465
1995-04-01,53.33013645469748,53.62544211661957,34.70652226667859,34.73713136620983,9.173181044035244,9.240341561604858,114.29134663082723,114.56473572162557,58.89880756283659,59.00673376854169,20.887719024784374,20.957355818921325
1995-07-01,53.64540433156292,53.970389236665575,34.90184581232493,34.969194737892515,9.09958719977883,9.375254333074942,115.30789945756518,115.00895825515356,59.17534646979615,59.300860831729956,20.856389332298082,21.002591763059602
1995-10-01,53.86232387062952,54.325908652114926,35.034585270355,35.20774022746292,9.25219402924753,9.514401141152101,115.27638970742322,115.45338752876509,59.41454976644431,59.616144513491555,20.9148926682398,21.048908101744736
1996-01-01,54.149874652395546,54.69139609349448,35.308291161595925,35.45280289963542,9.327380509109048,9.657252492664586,115.24282501910226,115.89302433582093,59.71999251118812,59.952490598384074,20.99282028395818,21.096650677120433
1996-04-01,54.91488182538503,55.065936964821574,35.68888284274811,35.70430918291359,9.696521952702184,9.803072621991852,116.03726597805313,116.32268259142629,60.0104867848789,60.30969037684989,21.158577142001867,21.146084234442817
1996-07-01,55.25007646357818,55.44824697303958,35.83841870405783,35.962091848613,10.017693151552166,9.950861959581223,116.66797156615169,116.73669199278358,60.36337178860701,60.68739683698905,21.16936671261265,21.19741091112834
1996-10-01,55.65523827335417,55.83690982551347,36.06750116750138,36.225969080717164,9.973263970037808,10.099489175309794,117.65267982323134,117.12912877249315,60.77340807685814,61.085076973311374,21.15823220545441,21.250843011663214
1997-01-01,55.75498944843365,56.23034277359775,36.22327023501891,36.49567498258585,10.150080202549692,10.247797441339468,118.09245877694448,117.49395903508477,61.05883264251035,61.50198890083566,21.11016519756337,21.30657780181501
1997-04-01,56.558604713569245,56.626802026158735,36.32510675303176,36.77083461412992,10.55785407851466,10.394482076744064,118.40218040499897,117.82542227329614,61.53016014604727,61.9371814361911,21.320546921686113,21.364756841480972
1997-07-01,57.11670096899874,57.02419110396355,36.78527179829455,37.05088765660762,10.715788071228763,10.538105778724624,118.77872534800362,118.11809682440624,62.059609174864185,62.389401433446736,21.422201402836063,21.425399839263736
1997-10-01,57.44648498244313,57.42031106967966,37.1158953444766,37.33497135483464,10.777254481674541,10.677265477859155,119.00064670992148,118.36690656765863,62.59930740121602,62.85710494822303,21.454645432324906,21.488499539233448
1998-01-01,57.89057334608758,57.81296122771612,37.355497185923994,37.62202637296619,11.18001936667833,10.810611679709348,119.47599609886966,118.56719400611452,63.16995078397175,63.33849465188899,21.496166063093128,21.5540472017688
1998-04-01,58.281074696587694,58.19989964356436,37.89739373849419,37.91082043428644,11.018371171814861,10.936811167704134,119.80017359847636,118.71472451616192,63.80640058923356,63.83155504608465,21.52742077976509,21.622013262236344
1998-07-01,58.84512653302089,58.578877889284726,38.237286897807216,38.199913046929844,11.236151288361416,11.054725933264391,119.60741323937891,118.80587764747254,64.36005885219885,64.33410008813898,21.69283241156726,21.692331881794267
1998-10-01,59.617246116091,58.94764715690669,38.668742899834115,38.48781123581393,11.526807487736468,11.163250853006495,120.71946090667652,118.83777563376194,64.93772652826318,64.84385729025355,21.777447292969413,21.764877228860783
1999-01-01,59.954821513376665,59.30407968992395,38.851647021860025,38.77300168931279,11.797488253280603,11.26138643015523,120.07882900171023,118.80812301892276,65.51670489631125,65.35849661048191,21.90846673600359,21.8395225335204
1999-04-01,60.25465308512794,59.6464298814492,39.38442938025842,39.0540430089546,11.693549802441042,11.348363728155803,120.42025813325125,118.71588556316603,66.21460250900896,65.87567180911269,21.89607811710752,21.916147548364997
1999-07-01,60.86371622437047,59.973336112808354,39.78584896554422,39.329505644532354,11.904716372992764,11.423763386103724,120.83560574563424,118.56091846751319,66.8450609338728,66.39306171643746,21.994889155169712,21.99467395164418
1999-10-01,61.71548993242815,60.28380652372499,40.27078392695831,39.59813373082213,12.176152707832312,11.487412323383378,120.9784084598545,118.34423190871026,67.50547998571766,66.90848714689744,22.20903468562739,22.075009896459516
2000-01-01,61.08275488686526,60.57740548535333,40.3861341286302,39.858931725675326,11.91170440805699,11.539472688623029,119.94765221001337,118.06832999607984,67.46698255953322,67.41998911833184,22.108348506307546,22.157062522839432
2000-04-01,62.00859564445932,60.85460092940441,40.587095224738206,40.11130884146441,12.560558807358197,11.580570402776333,119.79179596244632,117.73740764128249,68.09842708591677,67.92592967447952,22.389303993669905,22.24082188162372
2000-07-01,61.89376715421894,61.11620507197016,40.87558286657786,40.355000361311475,12.354787182041287,11.611605701567054,119.47831258493315,117.35685614853328,68.86368164901779,68.42465708252911,22.298554275005728,22.326247295866704
2000-10-01,62.09229492828872,61.363781057906685,41.11378613542451,40.59004418613088,12.296059121203516,11.634108427360307,118.63656045205163,116.93333430384254,69.56318240447122,68.91458766321333,22.39376552093084,22.41339078958784
2001-01-01,61.75900280419447,61.59941787534813,41.20197486704424,40.816815733477384,11.62503264622852,11.650093978016509,118.30184440246218,116.47476774231848,70.25763231857266,69.39437888509414,22.237058394131175,22.50228786139145
2001-04-01,61.936514189361,61.82570315645453,41.122240630350824,41.036036509912186,11.530934035368539,11.662006038041167,116.6552968201726,115.99004953479455,70.73054709728466,69.863070614757,22.45229178338666,22.59296232242797
2001-07-01,61.48269795549859,62.045370045272726,40.991128551624065,41.24869330492257,11.28491268720279,11.672289192352622,115.03045917966257,115.48907669600204,71.14734910663638,70.32023209885446,22.44570671993344,22.685270373978465
2001-10-01,61.45376956440221,62.26126446019241,41.359990308696524,41.45585388120207,10.665284277072887,11.683316034045928,113.33301725411364,114.98200170605995,71.48776622191183,70.76597957023614,22.615177727361676,22.778977020001637
2002-01-01,61.83275917699783,62.47591828211666,41.32101836217306,41.658449020060935,10.961674807221081,11.697221706636745,112.04873495477435,114.4785200949801,71.70820848469982,71.20096472857736,22.899145355256778,22.873691622686703
2002-04-01,62.05322886074518,62.69138756978935,41.59653140739855,41.85737057181764,11.012954256571012,11.715485401796602,112.07747548533153,113.98712992364196,71.9997046872526,71.6263206793185,22.94436211510321,22.968913400558424
2002-07-01,62.138678828798675,62.90935006299383,41.78141397988035,42.05331615937985,10.928470719049349,11.739122921503016,111.3639982882678,113.51466274190405,72.25325069023746,72.04353671384288,23.04316203976623,23.06414919891099
2002-10-01,62.04269410329284,63.13110319327947,41.84806171028806,42.246833219072755,10.885630618027946,11.768709795140753,111.131977588514,113.06664757896519,72.47388172205171,72.45437981696718,23.01420686613164,23.158882185497024
2003-01-01,61.94315423032438,63.35747477115245,41.84990647245913,42.4383085510445,10.857262549978348,11.804307611907918,109.74269237837132,112.64718919251213,72.38269139556864,72.86079522571227,23.176149838577967,23.25257390135358
2003-04-01,62.28804225003944,63.588613666475425,42.079718170681765,42.62788432143348,10.859844425169223,11.845409875267977,109.13979544519954,112.25913569952584,72.58688237253996,73.26478791897188,23.365741502265777,23.344586020922012
2003-07-01,63.13437532222803,63.82377076116073,42.58638273539474,42.81533248247464,11.157795328733023,11.89088900951625,108.9390285215227,111.90348915727904,72.76100345121955,73.6681064934813,23.691706901733898,23.434222466302714
2003-10-01,63.63986402172431,64.06135866765833,42.67153519052592,43.00007400330346,11.524613217722015,11.938956933188129,109.07038547906016,111.57929694623732,72.99611039678294,74.07210887673344,23.835768851720303,23.52079077516539
2004-01-01,63.95667882380047,64.29932985326025,43.07220045658498,43.18137622944569,11.557387477792057,11.987321971250532,109.49683137003956,111.28377352712147,73.5403371485889,74.47760655759544,23.831709926753756,23.603750985226785
2004-04-01,64.26545989692582,64.53533998136803,43.16391673960814,43.358287765484704,12.008228220990217,12.033389909202715,109.29267872033215,111.01260563941048,73.89694875429872,74.88474405011965,23.93527501385157,23.682754467674343
2004-07-01,64.66822144474908,64.76679426500476,43.43863524466857,43.52977478680548,12.18518931161468,12.074252039338672,109.60244827828424,110.76041731501591,74.32458988431516,75.29307300693971,23.992507729785768,23.75759308031395
2004-10-01,65.10121928846235,64.99089169245441,43.80254095228671,43.69466722118734,12.425488864928848,12.106949802296944,109.83763000316232,110.52081315203763,74.77179355502679,75.70150697869761,24.068937469133303,23.82821667179949
2005-01-01,65.64049041070025,65.20473329670186,43.839524490915785,43.85172362450877,12.787588221700341,12.128575964919127,109.766783948176,110.28673375612644,75.30357545104471,76.10832023326218,24.2183483785228,23.894724162904375
2005-04-01,65.75763285195262,65.4054565766327,44.16821123357819,43.999757541378294,12.614003915671598,12.136425905951219,110.11960315225492,110.05075446774862,75.90257739766459,76.51115964043443,24.14396809720971,23.957368693453077
2005-07-01,66.12423046495819,65.59044516876475,44.52198074220146,44.1375652082743,12.734312562278015,12.128230743350185,109.9967176581579,109.80519004358605,76.40039658203695,76.90711294561153,24.240670019577866,24.016610321631116
2005-10-01,66.3155888796205,65.75728556303484,44.49229347965382,44.264041367993165,13.157666948973574,12.102077676845294,110.3556883364727,109.54246861943402,76.90310830652443,77.29282525835472,24.20376748805961,24.073032283560053
2006-01-01,67.02984517768641,65.90388888518994,44.7918257260033,44.378318019470264,13.35153978425092,12.056512413935028,111.16383334121764,109.2552167672013,77.56471790261108,77.66455969817083,24.275810069264043,24.127364706428022
2006-04-01,66.99009791129836,66.02851537571517,44.87301234192296,44.47967190817693,13.199681271603463,11.990819576054177,111.09633037242862,108.93665709973156,78.21791101926529,78.01827109156436,24.199862537291708,24.180427026236078
2006-07-01,66.87888066936004,66.13013430554147,45.010559084334474,44.56764333930176,13.066766319302932,11.9051610332253,111.33980747452866,108.58129238908937,78.78916130065399,78.34979282188193,24.063965759670676,24.23313921577092
2006-10-01,67.23452666400422,66.20833109345287,45.05915623575157,44.64202720573655,12.81447135032906,11.800510978543347,111.37263108526561,108.18506201247409,79.30963079082183,78.65503470754605,24.13162346892894,24.28644160186322
2007-01-01,67.11711912535937,66.26318064453054,45.10871559313254,44.70290620925758,12.585349369109538,11.678596505617405,110.93852062729191,107.74570253050072,79.67614028032179,78.93014761551564,24.111772692901724,24.341176246647567
2007-04-01,67.31418834580501,66.2954204822422,45.140554782709856,44.75063634742072,12.633223172311721,11.541767971643447,111.07800577478342,107.26299094969903,80.07776466927616,79.17167536314979,24.120341982429945,24.39809542136229
2007-07-01,67.46811291930425,66.30634401552908,45.27487282418839,44.7858401740539,12.467645159051616,11.392884890577436,110.34740954204032,106.73871772315024,80.4485789371674,79.37663056724736,24.240189675167127,24.457814061351524
2007-10-01,67.66639749158041,66.2978988733229,45.526127958936456,44.809396193267325,12.179443733672105,11.235363568925605,109.74593766158705,106.17701827394463,80.76652249583483,79.54261226975804,24.36429512807439,24.520778334246078
2008-01-01,67.31510032248556,66.2727693097277,45.64353677059717,44.82249863210081,11.779082016767315,11.073105496959144,109.45710413224757,105.584189852641,81.30047262661975,79.66792518879814,24.223429399935448,24.58730262398502
2008-04-01,67.48779306515672,66.23449535962634,45.823450859306604,44.826795631697436,11.58068718828097,10.910367171212217,108.56928893193518,104.968601992625,81.46094829346073,79.75168695970464,24.397630198459616,24.65760725923309
2008-07-01,66.92190963237299,66.18726387621145,45.4754875563891,44.82445039473647,11.269633835003143,10.751583407974413,106.99587514814787,104.34080865648825,81.53322163702737,79.79408823616332,24.416134929719426,24.731685978285682
2008-10-01,65.27453897070464,66.13602968595234,44.103216461498334,44.81824533359785,10.347034079886557,10.60132918015679,104.08657120146007,103.71331393316325,81.52122077818515,79.79644261771335,24.2469320637034,24.809369455224292
2009-01-01,64.51752403125877,66.08618993940846,43.72774590662621,44.811366821083595,9.030846179810633,10.464235628834409,101.34213115881015,103.09994591007634,81.49738373642488,79.76120039205996,24.38811097131646,24.890287702533946
2009-04-01,64.27466907721444,66.04258462753977,43.70801990699643,44.806549246025156,8.345763177748719,10.344556567233951,98.84539617112534,102.51443823789786,80.98721356875836,79.69192813087601,24.747804374806478,24.973708941517547
2009-07-01,64.33561661590936,66.00905106481767,44.14791614749293,44.8058405140158,8.215400180412278,10.24545659134989,97.47552746215517,101.96912667525555,80.29429800577945,79.59329809910449,25.07228754425223,25.058572922815543
2009-10-01,64.86489930564217,65.98830330401584,44.15264169753483,44.810594043682876,8.862861414485257,10.168700129474038,97.2259370125424,101.4738007627025,79.58903786671061,79.47079675141853,25.399022042831188,25.143662333647608
2010-01-01,65.04399193343652,65.98199949253615,44.36231903648718,44.82175113609278,9.005296908438762,10.114721318980013,97.08966024436722,101.03526509221957,79.19964767516215,79.33033723405585,25.536177428145585,25.227751918870183
2010-04-01,65.5025804429076,65.99109772894687,44.46285177454259,44.839841983221625,9.42990038942647,10.083217345285911,97.73315754641256,100.65759090849564,78.77487265607486,79.17788040770634,25.654274141694508,25.30976000253985
2010-07-01,65.82009249164156,66.0159762255508,44.61040682389875,44.86511177983636,9.761745224267074,10.073302912629071,98.03800504854888,100.34238369184841,78.44170725381947,79.01926819551177,25.764688602414363,25.388784244251465
2010-10-01,65.9821748310327,66.05671813652076,44.810345784272336,44.89757270784636,9.690877297848735,10.083814943493067,98.2040792350114,100.08948942624338,78.19986609025949,78.86004742773234,25.827632892025637,25.46412739282065
2011-01-01,65.78452414814704,66.11329539238413,45.12508491872124,44.93708050676571,9.493640806300762,10.113516105145674,98.30177399311026,99.8974147900668,78.10162263294774,78.70536006460192,25.74495350544317,25.535320281074178
2011-04-01,66.12609766869572,66.18564443690134,45.284580242432995,44.98343904855167,9.803373121699371,10.161016052860722,98.93515709073273,99.76360075979318,77.85174812125427,78.55989542610834,25.799739402464507,25.602117590066406
2011-07-01,65.95535366072245,66.27350610195501,45.284957625479166,45.03657203680582,9.82588555541982,10.224590737883249,99.08448172547686,99.68460158072928,77.65846246827132,78.42793286531204,25.730284335600285,25.664405159277226
2011-10-01,66.56383790347743,66.37659328477203,45.347658025173494,45.09659386302061,10.551868815855473,10.302319098078888,99.62441294348908,99.65655631651627,77.47603863884248,78.31328509303016,25.897407055948886,25.722194034434626
2012-01-01,66.53070575170942,66.49442738276088,45.36134533318871,45.16377778574532,10.663970060843111,10.392019954726017,99.59612996578156,99.675314166306,77.01969245309309,78.21927002671907,25.942879678011202,25.77553934311917
2012-04-01,66.67020011545743,66.6266532789046,45.258645717287344,45.23855883478931,10.883939246821383,10.491630733582374,99.51969638840472,99.73677110840835,77.07874223913936,78.14867893623277,26.003274436707343,25.824608828896896
2012-07-01,66.59709368918865,66.7729447138186,45.11963419547975,45.32150204924137,10.831580562200832,10.599203300931356,99.73247180513906,99.83682193648032,77.17096836027879,78.10355773640174,25.927872994978227,25.869678547470542
2012-10-01,66.50795244940703,66.93300823812316,45.23225472050501,45.41319316526756,10.726095927579227,10.712966938693134,100.0,99.9712567435522,77.2445086755515,78.08529826504969,25.83950486379299,25.911140259255408
2013-01-01,66.91613764474418,67.10644479711405,45.324707030592364,45.51410016774966,11.058340370609857,10.83122619827188,100.14968743112472,100.13581558734458,77.2724560036811,78.09473146050992,25.969539674021984,25.949426441015323
2013-04-01,66.85267940672185,67.29259047527756,45.16168906138636,45.6245863323766,11.151307963094041,10.95221952374937,100.29528961882974,100.3262576993269,77.4222675473061,78.13218888280042,25.902857955215538,25.984928548450842
2013-07-01,67.2125684912829,67.49066060063848,45.20110242589111,45.74490456945553,11.488797932763449,11.074248770088051,100.56740602133776,100.53834020658348,77.57070716636785,78.197515323816,25.979054621680085,26.018053842426795
2013-10-01,67.58362476508486,67.69958921598818,45.397423609328605,45.87502361782891,11.514585917417786,11.195664824135891,100.68141802916408,100.76777982704773,77.79693817640772,78.29013825576683,26.076651260408752,26.0491609494621
2014-01-01,67.24997606029254,67.91812629608134,45.50639424213863,46.014573406892254,11.39884706697234,11.315006584943891,100.99509290133588,101.01028197370506,78.04815913207847,78.4091167521506,25.866299348403412,26.078586335040622
2014-04-01,68.01186353439833,68.1449359420199,45.86768519967437,46.162882434116916,11.822745793672706,11.43095461371087,101.4629776101113,101.26146183401933,78.25691225632275,78.55322065079184,26.056498831936462,26.106685600975855
2014-07-01,68.67389114451123,68.37824416151442,46.1736770389909,46.31895328890838,12.042460679523707,11.542195241419291,101.84199862340925,101.51688382726307,78.54300176981077,78.72100790190908,26.21294484431913,26.13368264462187
2014-10-01,68.89132855694616,68.61617009823465,46.48565464617305,46.48159193316465,12.116643444559378,11.647619272549814,102.76218317468559,101.77219466525312,78.87388562586081,78.91085899617282,26.10420931091197,26.159771006458733
2015-01-01,69.25072408774456,68.85699285770528,46.53952101158675,46.64949814315091,12.482201955360514,11.746402408035873,102.53971172177587,102.02320114188068,79.07048249640191,79.12104501666627,26.25449673832491,26.185194684112794
2015-04-01,69.5629292421703,69.0991402516399,46.78175497762823,46.821356712951136,12.38994379684446,11.838001256923691,102.78573684723014,102.26628792565927,79.5100438262848,79.34981047883296,26.280769932302974,26.210163869054366
2015-07-01,69.63811725782199,69.34126496799739,47.02395194082322,46.995764279340364,12.341796014631049,11.922326708252623,102.61262747160043,102.49813055893405,79.88762240542307,79.5953600246248,26.294380741600815,26.23493293265976
2015-10-01,69.57192984991883,69.582291688776,47.11364001692709,47.17127171703907,12.13650449095978,11.99964744259027,103.01186027305562,102.71570339607975,80.23934563242358,79.8559863805188,26.162909778783533,26.259801375831834
2016-01-01,69.73324850121853,69.82131671573691,47.38818983537936,47.34642589768255,11.953246297326693,12.070516988267144,103.07005011394953,102.91603286396389,80.46559199502443,80.13015085077255,26.188129620284695,26.285107022374607
2016-04-01,69.7851378050559,70.05741780637779,47.533572817388844,47.51971578536323,11.81233517147302,12.13560240224593,103.13650472495442,103.09631627925256,80.71561899943273,80.41653989185124,26.168208776275044,26.3111282231546
2016-07-01,69.9784462800232,70.28960548061403,47.74385767129197,47.68963484555,11.775038625954558,12.195522286927183,103.16423888729776,103.25383931407629,80.89834792468102,80.71403611769064,26.21535398760531,26.33808362621916
2016-10-01,70.23088121122095,70.51670657055489,47.894879585356605,47.854664692450896,12.038491075963803,12.25070981720286,103.12907310492739,103.38591090464206,81.06471663027298,81.0216967506645,26.296836994156582,26.366103096692946
2017-01-01,70.70764858850255,70.73733816138562,48.34486914461845,48.01330189223541,12.004988212018382,12.301343556890272,103.5908858449886,103.48978823678739,81.60062627973454,81.3386829767921,26.337766454626106,26.395240106793892
2017-04-01,70.86398115985412,70.94992220816503,48.41930609451288,48.16405136466908,12.115617436725437,12.347476506174468,103.93797755676293,103.5625785758932,81.85071130579936,81.66417173082088,26.310475200209968,26.425505042033652
2017-07-01,71.2168952775754,71.15284629264795,48.54063170396588,48.305611384411506,12.266261233829265,12.388979518724723,104.03195556476466,103.60147092408394,82.10017759981088,81.99749283148851,26.397845479656915,26.456872418589107
2017-10-01,71.73292341598304,71.34442998703952,48.91590024261497,48.436830710723775,12.398996579996973,12.425580347408179,104.6397662696097,103.60391601636792,82.37963135908893,82.33808348061471,26.457144274052432,26.48924452961522
2018-01-01,72.12098007472088,71.52302090976517,49.00962957773674,48.55670003372869,12.666158019730238,12.456932240683804,104.74694660267103,103.56766951556565,82.5509005211984,82.68543683974747,26.563259676061673,26.522486269612926
2018-04-01,72.45658670693417,71.68720099745475,49.143912973461475,48.664507840948325,12.6242424863649,12.482675096322161,105.00785560205752,103.49117542735306,82.93715109556265,83.03906412022332,26.600254610483926,26.556441807278528
2018-07-01,72.66483956238693,71.83592211437089,49.346275008996,48.759828708074835,12.862573510157183,12.502583625819149,105.21917882824275,103.37365968257198,83.27082233236302,83.39838353753191,26.60445735676565,26.59098009460735
2018-10-01,72.72413472145487,71.96861806764163,49.35750424336658,48.84254321086378,12.9515116833819,12.516527554581392,105.13357513513827,103.215338765121,83.64445554847589,83.76273902774639,26.598546247080627,26.625996865865822
2019-01-01,73.34054192738526,72.08524661966554,49.587369403567,48.91290685649652,13.104191366678803,12.524606795644056,105.2819901775513,103.01761639461654,84.33732618507183,84.13138251182193,26.722143641643633,26.661395768830026
2019-04-01,73.47723888648092,72.18624777712617,49.940421356098646,48.97150753623591,12.882387658388252,12.527197399825448,104.89415312262813,102.78311593383208,84.78842439048088,84.50347793337956,26.78619171744023,26.69706273829994
2019-07-01,73.783132201895,72.27285466687987,50.16530926144947,49.019364582201845,12.878613731229963,12.525037420208465,105.34429520387928,102.51587311956361,85.1386313998899,84.87830390164697,26.78427319237653,26.732921128703445
2019-10-01,74.04948253826375,72.3471173095865,50.25475069967185,49.05810974547914,12.709561354945667,12.519089170001841,105.42876748408044,102.22121698192937,85.47132989100645,85.25530535672375,26.830311046293858,26.768949645937138
2020-01-01,73.2229874927304,72.41203744705436,49.39729926401431,49.090094773946404,12.48348968289154,12.510534899488013,103.94197242387517,101.90617648751126,86.07130303874584,85.63408107385722,26.71143174383759,26.805159032044244
2020-04-01,66.53537588260544,72.47168570823189,44.64302678997114,49.11842099029614,10.664014390102794,12.500673843504782,90.21055731332785,101.57967352957051,86.32845178668259,86.01435858726217,26.585554243694613,26.841598498374534
2020-07-01,71.37190425280227,72.53065303463937,48.5523361379493,49.14639000431563,12.434135686872366,12.490785073755989,97.42124814259687,101.25177610186272,86.09373186829357,86.39613547500235,27.15355050903393,26.87825868293591
